match_id,date,matchday,home_team,away_team,home_goals,away_goals,scorers
58577,2020-09-18T20:30:00,1. Spieltag,FC Bayern München,FC Schalke 04,8,0,[]
58579,2020-09-19T15:30:00,1. Spieltag,Eintracht Frankfurt,Arminia Bielefeld,1,1,[]
58580,2020-09-19T15:30:00,1. Spieltag,1. FC Köln,TSG 1899 Hoffenheim,2,3,[]
58582,2020-09-19T15:30:00,1. Spieltag,VfB Stuttgart,SC Freiburg,2,3,[]
58583,2020-09-19T15:30:00,1. Spieltag,1. FC Union Berlin,FC Augsburg,1,3,[]
58584,2020-09-19T15:30:00,1. Spieltag,Werder Bremen,Hertha BSC,1,4,[]
58578,2020-09-19T18:30:00,1. Spieltag,Borussia Dortmund,Borussia Mönchengladbach,3,0,[]
58581,2020-09-20T15:30:00,1. Spieltag,RB Leipzig,1. FSV Mainz 05,3,1,[]
58585,2020-09-20T18:00:00,1. Spieltag,VfL Wolfsburg,Bayer Leverkusen,0,0,[]
58591,2020-09-25T20:30:00,2. Spieltag,Hertha BSC,Eintracht Frankfurt,1,3,[]
58586,2020-09-26T15:30:00,2. Spieltag,Arminia Bielefeld,1. FC Köln,1,0,[]
58587,2020-09-26T15:30:00,2. Spieltag,FC Augsburg,Borussia Dortmund,2,0,[]
58588,2020-09-26T15:30:00,2. Spieltag,Bayer Leverkusen,RB Leipzig,1,1,[]
58589,2020-09-26T15:30:00,2. Spieltag,Borussia Mönchengladbach,1. FC Union Berlin,1,1,[]
58593,2020-09-26T15:30:00,2. Spieltag,1. FSV Mainz 05,VfB Stuttgart,1,4,[]
58594,2020-09-26T18:30:00,2. Spieltag,FC Schalke 04,Werder Bremen,1,3,[]
58592,2020-09-27T15:30:00,2. Spieltag,TSG 1899 Hoffenheim,FC Bayern München,4,1,[]
58590,2020-09-27T18:00:00,2. Spieltag,SC Freiburg,VfL Wolfsburg,1,1,[]
58603,2020-10-02T20:30:00,3. Spieltag,1. FC Union Berlin,1. FSV Mainz 05,4,0,[]
58596,2020-10-03T15:30:00,3. Spieltag,Borussia Dortmund,SC Freiburg,4,0,[]
58597,2020-10-03T15:30:00,3. Spieltag,Eintracht Frankfurt,TSG 1899 Hoffenheim,2,1,[]
58598,2020-10-03T15:30:00,3. Spieltag,1. FC Köln,Borussia Mönchengladbach,1,3,[]
58602,2020-10-03T15:30:00,3. Spieltag,VfB Stuttgart,Bayer Leverkusen,1,1,[]
58604,2020-10-03T15:30:00,3. Spieltag,Werder Bremen,Arminia Bielefeld,1,0,[]
58601,2020-10-03T18:30:00,3. Spieltag,RB Leipzig,FC Schalke 04,4,0,[]
58605,2020-10-04T15:30:00,3. Spieltag,VfL Wolfsburg,FC Augsburg,0,0,[]
58595,2020-10-04T18:00:00,3. Spieltag,FC Bayern München,Hertha BSC,4,3,[]
58607,2020-10-17T15:30:00,4. Spieltag,FC Augsburg,RB Leipzig,0,2,[]
58609,2020-10-17T15:30:00,4. Spieltag,SC Freiburg,Werder Bremen,1,1,[]
58610,2020-10-17T15:30:00,4. Spieltag,Hertha BSC,VfB Stuttgart,0,2,[]
58611,2020-10-17T15:30:00,4. Spieltag,TSG 1899 Hoffenheim,Borussia Dortmund,0,1,[]
58613,2020-10-17T15:30:00,4. Spieltag,1. FSV Mainz 05,Bayer Leverkusen,0,1,[]
58606,2020-10-17T18:30:00,4. Spieltag,Arminia Bielefeld,FC Bayern München,1,4,[]
58608,2020-10-17T20:30:00,4. Spieltag,Borussia Mönchengladbach,VfL Wolfsburg,1,1,[]
58612,2020-10-18T15:30:00,4. Spieltag,1. FC Köln,Eintracht Frankfurt,1,1,[]
58614,2020-10-18T18:00:00,4. Spieltag,FC Schalke 04,1. FC Union Berlin,1,1,[]
58620,2020-10-23T20:30:00,5. Spieltag,VfB Stuttgart,1. FC Köln,1,1,[]
58616,2020-10-24T15:30:00,5. Spieltag,FC Bayern München,Eintracht Frankfurt,5,0,[]
58618,2020-10-24T15:30:00,5. Spieltag,1. FSV Mainz 05,Borussia Mönchengladbach,2,3,[]
58619,2020-10-24T15:30:00,5. Spieltag,RB Leipzig,Hertha BSC,2,1,[]
58621,2020-10-24T15:30:00,5. Spieltag,1. FC Union Berlin,SC Freiburg,1,1,[]
58617,2020-10-24T18:30:00,5. Spieltag,Borussia Dortmund,FC Schalke 04,3,0,[]
58623,2020-10-25T15:30:00,5. Spieltag,VfL Wolfsburg,Arminia Bielefeld,2,1,[]
58622,2020-10-25T18:00:00,5. Spieltag,Werder Bremen,TSG 1899 Hoffenheim,1,1,[]
58615,2020-10-26T20:30:00,5. Spieltag,Bayer Leverkusen,FC Augsburg,3,1,[]
58632,2020-10-30T20:30:00,6. Spieltag,FC Schalke 04,VfB Stuttgart,1,1,[]
58624,2020-10-31T15:30:00,6. Spieltag,Arminia Bielefeld,Borussia Dortmund,0,2,[]
58625,2020-10-31T15:30:00,6. Spieltag,FC Augsburg,1. FSV Mainz 05,3,1,[]
58627,2020-10-31T15:30:00,6. Spieltag,Eintracht Frankfurt,Werder Bremen,1,1,[]
58631,2020-10-31T15:30:00,6. Spieltag,1. FC Köln,FC Bayern München,1,2,[]
58626,2020-10-31T18:30:00,6. Spieltag,Borussia Mönchengladbach,RB Leipzig,1,0,[]
58628,2020-11-01T15:30:00,6. Spieltag,SC Freiburg,Bayer Leverkusen,2,4,[]
58629,2020-11-01T18:00:00,6. Spieltag,Hertha BSC,VfL Wolfsburg,1,1,[]
58630,2020-11-02T20:30:00,6. Spieltag,TSG 1899 Hoffenheim,1. FC Union Berlin,1,3,[]
58640,2020-11-06T20:30:00,7. Spieltag,Werder Bremen,1. FC Köln,1,1,[]
58633,2020-11-07T15:30:00,7. Spieltag,FC Augsburg,Hertha BSC,0,3,[]
58636,2020-11-07T15:30:00,7. Spieltag,1. FSV Mainz 05,FC Schalke 04,2,2,[]
58637,2020-11-07T15:30:00,7. Spieltag,RB Leipzig,SC Freiburg,3,0,[]
58638,2020-11-07T15:30:00,7. Spieltag,VfB Stuttgart,Eintracht Frankfurt,2,2,[]
58639,2020-11-07T15:30:00,7. Spieltag,1. FC Union Berlin,Arminia Bielefeld,5,0,[]
58635,2020-11-07T18:30:00,7. Spieltag,Borussia Dortmund,FC Bayern München,2,3,[]
58641,2020-11-08T15:30:00,7. Spieltag,VfL Wolfsburg,TSG 1899 Hoffenheim,2,1,[]
58634,2020-11-08T18:00:00,7. Spieltag,Bayer Leverkusen,Borussia Mönchengladbach,4,3,[]
58642,2020-11-21T15:30:00,8. Spieltag,Arminia Bielefeld,Bayer Leverkusen,1,2,[]
58643,2020-11-21T15:30:00,8. Spieltag,FC Bayern München,Werder Bremen,1,1,[]
58644,2020-11-21T15:30:00,8. Spieltag,Borussia Mönchengladbach,FC Augsburg,1,1,[]
58648,2020-11-21T15:30:00,8. Spieltag,TSG 1899 Hoffenheim,VfB Stuttgart,3,3,[]
58650,2020-11-21T15:30:00,8. Spieltag,FC Schalke 04,VfL Wolfsburg,0,2,[]
58645,2020-11-21T18:30:00,8. Spieltag,Eintracht Frankfurt,RB Leipzig,1,1,[]
58647,2020-11-21T20:30:00,8. Spieltag,Hertha BSC,Borussia Dortmund,2,5,[]
58646,2020-11-22T15:30:00,8. Spieltag,SC Freiburg,1. FSV Mainz 05,1,3,[]
58649,2020-11-22T18:00:00,8. Spieltag,1. FC Köln,1. FC Union Berlin,1,2,[]
58660,2020-11-27T20:30:00,9. Spieltag,VfL Wolfsburg,Werder Bremen,5,3,[]
58651,2020-11-28T15:30:00,9. Spieltag,FC Augsburg,SC Freiburg,1,1,[]
58653,2020-11-28T15:30:00,9. Spieltag,Borussia Dortmund,1. FC Köln,1,2,[]
58656,2020-11-28T15:30:00,9. Spieltag,RB Leipzig,Arminia Bielefeld,2,1,[]
58657,2020-11-28T15:30:00,9. Spieltag,VfB Stuttgart,FC Bayern München,1,3,[]
58658,2020-11-28T15:30:00,9. Spieltag,1. FC Union Berlin,Eintracht Frankfurt,3,3,[]
58654,2020-11-28T18:30:00,9. Spieltag,Borussia Mönchengladbach,FC Schalke 04,4,1,[]
58652,2020-11-29T15:30:00,9. Spieltag,Bayer Leverkusen,Hertha BSC,0,0,[]
58655,2020-11-29T18:00:00,9. Spieltag,1. FSV Mainz 05,TSG 1899 Hoffenheim,1,1,[]
58665,2020-12-04T20:30:00,10. Spieltag,Hertha BSC,1. FC Union Berlin,3,1,[]
58661,2020-12-05T15:30:00,10. Spieltag,Arminia Bielefeld,1. FSV Mainz 05,2,1,[]
58663,2020-12-05T15:30:00,10. Spieltag,Eintracht Frankfurt,Borussia Dortmund,1,1,[]
58664,2020-12-05T15:30:00,10. Spieltag,SC Freiburg,Borussia Mönchengladbach,2,2,[]
58667,2020-12-05T15:30:00,10. Spieltag,1. FC Köln,VfL Wolfsburg,2,2,[]
58662,2020-12-05T18:30:00,10. Spieltag,FC Bayern München,RB Leipzig,3,3,[]
58669,2020-12-06T15:30:00,10. Spieltag,Werder Bremen,VfB Stuttgart,1,2,[]
58668,2020-12-06T18:00:00,10. Spieltag,FC Schalke 04,Bayer Leverkusen,0,3,[]
58666,2020-12-07T20:30:00,10. Spieltag,TSG 1899 Hoffenheim,FC Augsburg,3,1,[]
58678,2020-12-11T20:30:00,11. Spieltag,VfL Wolfsburg,Eintracht Frankfurt,2,1,[]
58672,2020-12-12T15:30:00,11. Spieltag,Borussia Dortmund,VfB Stuttgart,1,5,[]
58673,2020-12-12T15:30:00,11. Spieltag,Borussia Mönchengladbach,Hertha BSC,1,1,[]
58674,2020-12-12T15:30:00,11. Spieltag,SC Freiburg,Arminia Bielefeld,2,0,[]
58675,2020-12-12T15:30:00,11. Spieltag,1. FSV Mainz 05,1. FC Köln,0,1,[]
58676,2020-12-12T15:30:00,11. Spieltag,RB Leipzig,Werder Bremen,2,0,[]
58677,2020-12-12T18:30:00,11. Spieltag,1. FC Union Berlin,FC Bayern München,1,1,[]
58670,2020-12-13T15:30:00,11. Spieltag,FC Augsburg,FC Schalke 04,2,2,[]
58671,2020-12-13T18:00:00,11. Spieltag,Bayer Leverkusen,TSG 1899 Hoffenheim,4,1,[]
58681,2020-12-15T18:30:00,12. Spieltag,Eintracht Frankfurt,Borussia Mönchengladbach,3,3,[]
58682,2020-12-15T20:30:00,12. Spieltag,Hertha BSC,1. FSV Mainz 05,0,0,[]
58686,2020-12-15T20:30:00,12. Spieltag,VfB Stuttgart,1. FC Union Berlin,2,2,[]
58687,2020-12-15T20:30:00,12. Spieltag,Werder Bremen,Borussia Dortmund,1,2,[]
58685,2020-12-16T18:30:00,12. Spieltag,FC Schalke 04,SC Freiburg,0,2,[]
58679,2020-12-16T20:30:00,12. Spieltag,Arminia Bielefeld,FC Augsburg,0,1,[]
58680,2020-12-16T20:30:00,12. Spieltag,FC Bayern München,VfL Wolfsburg,2,1,[]
58683,2020-12-16T20:30:00,12. Spieltag,TSG 1899 Hoffenheim,RB Leipzig,0,1,[]
58684,2020-12-16T20:30:00,12. Spieltag,1. FC Köln,Bayer Leverkusen,0,4,[]
58695,2020-12-18T20:30:00,13. Spieltag,1. FC Union Berlin,Borussia Dortmund,2,1,[]
58688,2020-12-19T15:30:00,13. Spieltag,FC Augsburg,Eintracht Frankfurt,0,2,[]
58690,2020-12-19T15:30:00,13. Spieltag,Borussia Mönchengladbach,TSG 1899 Hoffenheim,1,2,[]
58692,2020-12-19T15:30:00,13. Spieltag,1. FSV Mainz 05,Werder Bremen,0,1,[]
58693,2020-12-19T15:30:00,13. Spieltag,RB Leipzig,1. FC Köln,0,0,[]
58694,2020-12-19T15:30:00,13. Spieltag,FC Schalke 04,Arminia Bielefeld,0,1,[]
58689,2020-12-19T18:30:00,13. Spieltag,Bayer Leverkusen,FC Bayern München,1,2,[]
58691,2020-12-20T15:30:00,13. Spieltag,SC Freiburg,Hertha BSC,4,1,[]
58696,2020-12-20T18:00:00,13. Spieltag,VfL Wolfsburg,VfB Stuttgart,1,0,[]
58697,2021-01-02T15:30:00,14. Spieltag,Arminia Bielefeld,Borussia Mönchengladbach,0,1,[]
58700,2021-01-02T15:30:00,14. Spieltag,Eintracht Frankfurt,Bayer Leverkusen,2,1,[]
58702,2021-01-02T15:30:00,14. Spieltag,TSG 1899 Hoffenheim,SC Freiburg,1,3,[]
58703,2021-01-02T15:30:00,14. Spieltag,1. FC Köln,FC Augsburg,0,1,[]
58705,2021-01-02T15:30:00,14. Spieltag,Werder Bremen,1. FC Union Berlin,0,2,[]
58701,2021-01-02T18:30:00,14. Spieltag,Hertha BSC,FC Schalke 04,3,0,[]
58704,2021-01-02T20:30:00,14. Spieltag,VfB Stuttgart,RB Leipzig,0,1,[]
58699,2021-01-03T15:30:00,14. Spieltag,Borussia Dortmund,VfL Wolfsburg,2,0,[]
58698,2021-01-03T18:00:00,14. Spieltag,FC Bayern München,1. FSV Mainz 05,5,2,[]
58709,2021-01-08T20:30:00,15. Spieltag,Borussia Mönchengladbach,FC Bayern München,3,2,[]
58708,2021-01-09T15:30:00,15. Spieltag,Bayer Leverkusen,Werder Bremen,1,1,[]
58710,2021-01-09T15:30:00,15. Spieltag,SC Freiburg,1. FC Köln,5,0,[]
58711,2021-01-09T15:30:00,15. Spieltag,1. FSV Mainz 05,Eintracht Frankfurt,0,2,[]
58713,2021-01-09T15:30:00,15. Spieltag,FC Schalke 04,TSG 1899 Hoffenheim,4,0,[]
58714,2021-01-09T15:30:00,15. Spieltag,1. FC Union Berlin,VfL Wolfsburg,2,2,[]
58712,2021-01-09T18:30:00,15. Spieltag,RB Leipzig,Borussia Dortmund,1,3,[]
58707,2021-01-10T15:30:00,15. Spieltag,FC Augsburg,VfB Stuttgart,1,4,[]
58706,2021-01-10T18:00:00,15. Spieltag,Arminia Bielefeld,Hertha BSC,1,0,[]
58721,2021-01-15T20:30:00,16. Spieltag,1. FC Union Berlin,Bayer Leverkusen,1,0,[]
58716,2021-01-16T15:30:00,16. Spieltag,Borussia Dortmund,1. FSV Mainz 05,1,1,[]
58718,2021-01-16T15:30:00,16. Spieltag,TSG 1899 Hoffenheim,Arminia Bielefeld,0,0,[]
58719,2021-01-16T15:30:00,16. Spieltag,1. FC Köln,Hertha BSC,0,0,[]
58722,2021-01-16T15:30:00,16. Spieltag,Werder Bremen,FC Augsburg,2,0,[]
58723,2021-01-16T15:30:00,16. Spieltag,VfL Wolfsburg,RB Leipzig,2,2,[]
58720,2021-01-16T18:30:00,16. Spieltag,VfB Stuttgart,Borussia Mönchengladbach,2,2,[]
58715,2021-01-17T15:30:00,16. Spieltag,FC Bayern München,SC Freiburg,2,1,[]
58717,2021-01-17T18:00:00,16. Spieltag,Eintracht Frankfurt,FC Schalke 04,3,1,[]
58727,2021-01-19T18:30:00,17. Spieltag,Borussia Mönchengladbach,Werder Bremen,1,0,[]
58726,2021-01-19T20:30:00,17. Spieltag,Bayer Leverkusen,Borussia Dortmund,2,1,[]
58729,2021-01-19T20:30:00,17. Spieltag,Hertha BSC,TSG 1899 Hoffenheim,0,3,[]
58730,2021-01-19T20:30:00,17. Spieltag,1. FSV Mainz 05,VfL Wolfsburg,0,2,[]
58732,2021-01-20T18:30:00,17. Spieltag,FC Schalke 04,1. FC Köln,1,2,[]
58724,2021-01-20T20:30:00,17. Spieltag,Arminia Bielefeld,VfB Stuttgart,3,0,[]
58725,2021-01-20T20:30:00,17. Spieltag,FC Augsburg,FC Bayern München,0,1,[]
58728,2021-01-20T20:30:00,17. Spieltag,SC Freiburg,Eintracht Frankfurt,2,2,[]
58731,2021-01-20T20:30:00,17. Spieltag,RB Leipzig,1. FC Union Berlin,1,0,[]
58736,2021-01-22T20:30:00,18. Spieltag,Borussia Mönchengladbach,Borussia Dortmund,4,2,[]
58733,2021-01-23T15:30:00,18. Spieltag,Arminia Bielefeld,Eintracht Frankfurt,1,5,[]
58734,2021-01-23T15:30:00,18. Spieltag,FC Augsburg,1. FC Union Berlin,2,1,[]
58735,2021-01-23T15:30:00,18. Spieltag,Bayer Leverkusen,VfL Wolfsburg,0,1,[]
58737,2021-01-23T15:30:00,18. Spieltag,SC Freiburg,VfB Stuttgart,2,1,[]
58740,2021-01-23T15:30:00,18. Spieltag,1. FSV Mainz 05,RB Leipzig,3,2,[]
58738,2021-01-23T18:30:00,18. Spieltag,Hertha BSC,Werder Bremen,1,4,[]
58741,2021-01-24T15:30:00,18. Spieltag,FC Schalke 04,FC Bayern München,0,4,[]
58739,2021-01-24T18:00:00,18. Spieltag,TSG 1899 Hoffenheim,1. FC Köln,3,0,[]
58747,2021-01-29T20:30:00,19. Spieltag,VfB Stuttgart,1. FSV Mainz 05,2,0,[]
58742,2021-01-30T15:30:00,19. Spieltag,FC Bayern München,TSG 1899 Hoffenheim,4,1,[]
58743,2021-01-30T15:30:00,19. Spieltag,Borussia Dortmund,FC Augsburg,3,1,[]
58744,2021-01-30T15:30:00,19. Spieltag,Eintracht Frankfurt,Hertha BSC,3,1,[]
58748,2021-01-30T15:30:00,19. Spieltag,1. FC Union Berlin,Borussia Mönchengladbach,1,1,[]
58749,2021-01-30T15:30:00,19. Spieltag,Werder Bremen,FC Schalke 04,1,1,[]
58746,2021-01-30T18:30:00,19. Spieltag,RB Leipzig,Bayer Leverkusen,1,0,[]
58745,2021-01-31T15:30:00,19. Spieltag,1. FC Köln,Arminia Bielefeld,3,1,[]
58750,2021-01-31T18:00:00,19. Spieltag,VfL Wolfsburg,SC Freiburg,3,0,[]
58756,2021-02-05T20:00:00,20. Spieltag,Hertha BSC,FC Bayern München,0,1,[]
58752,2021-02-06T15:30:00,20. Spieltag,FC Augsburg,VfL Wolfsburg,0,2,[]
58753,2021-02-06T15:30:00,20. Spieltag,Bayer Leverkusen,VfB Stuttgart,5,2,[]
58755,2021-02-06T15:30:00,20. Spieltag,SC Freiburg,Borussia Dortmund,2,1,[]
58758,2021-02-06T15:30:00,20. Spieltag,1. FSV Mainz 05,1. FC Union Berlin,1,0,[]
58759,2021-02-06T15:30:00,20. Spieltag,FC Schalke 04,RB Leipzig,0,3,[]
58754,2021-02-06T18:30:00,20. Spieltag,Borussia Mönchengladbach,1. FC Köln,1,2,[]
58757,2021-02-07T15:30:00,20. Spieltag,TSG 1899 Hoffenheim,Eintracht Frankfurt,1,3,[]
58764,2021-02-12T20:30:00,21. Spieltag,RB Leipzig,FC Augsburg,2,1,[]
58760,2021-02-13T15:30:00,21. Spieltag,Bayer Leverkusen,1. FSV Mainz 05,2,2,[]
58762,2021-02-13T15:30:00,21. Spieltag,Borussia Dortmund,TSG 1899 Hoffenheim,2,2,[]
58765,2021-02-13T15:30:00,21. Spieltag,VfB Stuttgart,Hertha BSC,1,1,[]
58767,2021-02-13T15:30:00,21. Spieltag,Werder Bremen,SC Freiburg,0,0,[]
58766,2021-02-13T18:30:00,21. Spieltag,1. FC Union Berlin,FC Schalke 04,0,0,[]
58763,2021-02-14T15:30:00,21. Spieltag,Eintracht Frankfurt,1. FC Köln,2,0,[]
58768,2021-02-14T18:00:00,21. Spieltag,VfL Wolfsburg,Borussia Mönchengladbach,0,0,[]
58761,2021-02-15T20:30:00,21. Spieltag,FC Bayern München,Arminia Bielefeld,3,3,[]
58769,2021-02-19T20:30:00,22. Spieltag,Arminia Bielefeld,VfL Wolfsburg,0,3,[]
58771,2021-02-20T15:30:00,22. Spieltag,Borussia Mönchengladbach,1. FSV Mainz 05,1,2,[]
58772,2021-02-20T15:30:00,22. Spieltag,Eintracht Frankfurt,FC Bayern München,2,1,[]
58773,2021-02-20T15:30:00,22. Spieltag,SC Freiburg,1. FC Union Berlin,0,1,[]
58776,2021-02-20T15:30:00,22. Spieltag,1. FC Köln,VfB Stuttgart,0,1,[]
58777,2021-02-20T18:30:00,22. Spieltag,FC Schalke 04,Borussia Dortmund,0,4,[]
58770,2021-02-21T13:30:00,22. Spieltag,FC Augsburg,Bayer Leverkusen,1,1,[]
58774,2021-02-21T15:30:00,22. Spieltag,Hertha BSC,RB Leipzig,0,3,[]
58775,2021-02-21T18:00:00,22. Spieltag,TSG 1899 Hoffenheim,Werder Bremen,4,0,[]
58785,2021-02-26T20:30:00,23. Spieltag,Werder Bremen,Eintracht Frankfurt,2,1,[]
58779,2021-02-27T15:30:00,23. Spieltag,FC Bayern München,1. FC Köln,5,1,[]
58780,2021-02-27T15:30:00,23. Spieltag,Borussia Dortmund,Arminia Bielefeld,3,0,[]
58783,2021-02-27T15:30:00,23. Spieltag,VfB Stuttgart,FC Schalke 04,5,1,[]
58786,2021-02-27T15:30:00,23. Spieltag,VfL Wolfsburg,Hertha BSC,2,0,[]
58782,2021-02-27T18:30:00,23. Spieltag,RB Leipzig,Borussia Mönchengladbach,3,2,[]
58784,2021-02-28T13:30:00,23. Spieltag,1. FC Union Berlin,TSG 1899 Hoffenheim,1,1,[]
58781,2021-02-28T15:30:00,23. Spieltag,1. FSV Mainz 05,FC Augsburg,0,1,[]
58778,2021-02-28T18:00:00,23. Spieltag,Bayer Leverkusen,SC Freiburg,1,2,[]
58795,2021-03-05T20:30:00,24. Spieltag,FC Schalke 04,1. FSV Mainz 05,0,0,[]
58789,2021-03-06T15:30:00,24. Spieltag,Borussia Mönchengladbach,Bayer Leverkusen,0,1,[]
58790,2021-03-06T15:30:00,24. Spieltag,Eintracht Frankfurt,VfB Stuttgart,1,1,[]
58791,2021-03-06T15:30:00,24. Spieltag,SC Freiburg,RB Leipzig,0,3,[]
58792,2021-03-06T15:30:00,24. Spieltag,Hertha BSC,FC Augsburg,2,1,[]
58793,2021-03-06T15:30:00,24. Spieltag,TSG 1899 Hoffenheim,VfL Wolfsburg,2,1,[]
58788,2021-03-06T18:30:00,24. Spieltag,FC Bayern München,Borussia Dortmund,4,2,[]
58794,2021-03-07T15:30:00,24. Spieltag,1. FC Köln,Werder Bremen,1,1,[]
58787,2021-03-07T18:00:00,24. Spieltag,Arminia Bielefeld,1. FC Union Berlin,0,0,[]
58751,2021-03-10T18:30:00,20. Spieltag,Arminia Bielefeld,Werder Bremen,0,2,[]
58796,2021-03-12T20:30:00,25. Spieltag,FC Augsburg,Borussia Mönchengladbach,3,1,[]
58799,2021-03-13T15:30:00,25. Spieltag,1. FSV Mainz 05,SC Freiburg,1,0,[]
58802,2021-03-13T15:30:00,25. Spieltag,1. FC Union Berlin,1. FC Köln,2,1,[]
58803,2021-03-13T15:30:00,25. Spieltag,Werder Bremen,FC Bayern München,1,3,[]
58804,2021-03-13T15:30:00,25. Spieltag,VfL Wolfsburg,FC Schalke 04,5,0,[]
58798,2021-03-13T18:30:00,25. Spieltag,Borussia Dortmund,Hertha BSC,2,0,[]
58797,2021-03-14T13:30:00,25. Spieltag,Bayer Leverkusen,Arminia Bielefeld,1,2,[]
58800,2021-03-14T15:30:00,25. Spieltag,RB Leipzig,Eintracht Frankfurt,1,1,[]
58801,2021-03-14T18:00:00,25. Spieltag,VfB Stuttgart,TSG 1899 Hoffenheim,2,0,[]
58805,2021-03-19T20:30:00,26. Spieltag,Arminia Bielefeld,RB Leipzig,0,1,[]
58806,2021-03-20T15:30:00,26. Spieltag,FC Bayern München,VfB Stuttgart,4,0,[]
58807,2021-03-20T15:30:00,26. Spieltag,Eintracht Frankfurt,1. FC Union Berlin,5,2,[]
58811,2021-03-20T15:30:00,26. Spieltag,1. FC Köln,Borussia Dortmund,2,2,[]
58813,2021-03-20T15:30:00,26. Spieltag,Werder Bremen,VfL Wolfsburg,1,2,[]
58812,2021-03-20T18:30:00,26. Spieltag,FC Schalke 04,Borussia Mönchengladbach,0,3,[]
58810,2021-03-21T13:30:00,26. Spieltag,TSG 1899 Hoffenheim,1. FSV Mainz 05,1,2,[]
58809,2021-03-21T15:30:00,26. Spieltag,Hertha BSC,Bayer Leverkusen,3,0,[]
58808,2021-03-21T18:00:00,26. Spieltag,SC Freiburg,FC Augsburg,2,0,[]
58814,2021-04-03T15:30:00,27. Spieltag,FC Augsburg,TSG 1899 Hoffenheim,2,1,[]
58815,2021-04-03T15:30:00,27. Spieltag,Bayer Leverkusen,FC Schalke 04,2,1,[]
58816,2021-04-03T15:30:00,27. Spieltag,Borussia Dortmund,Eintracht Frankfurt,1,2,[]
58818,2021-04-03T15:30:00,27. Spieltag,1. FSV Mainz 05,Arminia Bielefeld,1,1,[]
58822,2021-04-03T15:30:00,27. Spieltag,VfL Wolfsburg,1. FC Köln,1,0,[]
58819,2021-04-03T18:30:00,27. Spieltag,RB Leipzig,FC Bayern München,0,1,[]
58817,2021-04-03T20:30:00,27. Spieltag,Borussia Mönchengladbach,SC Freiburg,2,1,[]
58820,2021-04-04T15:30:00,27. Spieltag,VfB Stuttgart,Werder Bremen,1,0,[]
58821,2021-04-04T18:00:00,27. Spieltag,1. FC Union Berlin,Hertha BSC,1,1,[]
58823,2021-04-09T20:30:00,28. Spieltag,Arminia Bielefeld,SC Freiburg,1,0,[]
58824,2021-04-10T15:30:00,28. Spieltag,FC Bayern München,1. FC Union Berlin,1,1,[]
58825,2021-04-10T15:30:00,28. Spieltag,Eintracht Frankfurt,VfL Wolfsburg,4,3,[]
58826,2021-04-10T15:30:00,28. Spieltag,Hertha BSC,Borussia Mönchengladbach,2,2,[]
58831,2021-04-10T15:30:00,28. Spieltag,Werder Bremen,RB Leipzig,1,4,[]
58830,2021-04-10T18:30:00,28. Spieltag,VfB Stuttgart,Borussia Dortmund,2,3,[]
58829,2021-04-11T15:30:00,28. Spieltag,FC Schalke 04,FC Augsburg,1,0,[]
58828,2021-04-11T18:00:00,28. Spieltag,1. FC Köln,1. FSV Mainz 05,2,3,[]
58827,2021-04-12T20:30:00,28. Spieltag,TSG 1899 Hoffenheim,Bayer Leverkusen,0,0,[]
58838,2021-04-16T20:30:00,29. Spieltag,RB Leipzig,TSG 1899 Hoffenheim,0,0,[]
58832,2021-04-17T15:30:00,29. Spieltag,FC Augsburg,Arminia Bielefeld,0,0,[]
58835,2021-04-17T15:30:00,29. Spieltag,Borussia Mönchengladbach,Eintracht Frankfurt,4,0,[]
58836,2021-04-17T15:30:00,29. Spieltag,SC Freiburg,FC Schalke 04,4,0,[]
58839,2021-04-17T15:30:00,29. Spieltag,1. FC Union Berlin,VfB Stuttgart,2,1,[]
58840,2021-04-17T15:30:00,29. Spieltag,VfL Wolfsburg,FC Bayern München,2,3,[]
58833,2021-04-17T18:30:00,29. Spieltag,Bayer Leverkusen,1. FC Köln,3,0,[]
58834,2021-04-18T15:30:00,29. Spieltag,Borussia Dortmund,Werder Bremen,4,1,[]
58847,2021-04-20T18:30:00,30. Spieltag,1. FC Köln,RB Leipzig,2,1,[]
58841,2021-04-20T20:30:00,30. Spieltag,Arminia Bielefeld,FC Schalke 04,1,0,[]
58842,2021-04-20T20:30:00,30. Spieltag,FC Bayern München,Bayer Leverkusen,2,0,[]
58844,2021-04-20T20:30:00,30. Spieltag,Eintracht Frankfurt,FC Augsburg,2,0,[]
58843,2021-04-21T20:30:00,30. Spieltag,Borussia Dortmund,1. FC Union Berlin,2,0,[]
58846,2021-04-21T20:30:00,30. Spieltag,TSG 1899 Hoffenheim,Borussia Mönchengladbach,3,2,[]
58848,2021-04-21T20:30:00,30. Spieltag,VfB Stuttgart,VfL Wolfsburg,1,3,[]
58849,2021-04-21T20:30:00,30. Spieltag,Werder Bremen,1. FSV Mainz 05,0,1,[]
58850,2021-04-23T20:30:00,31. Spieltag,FC Augsburg,1. FC Köln,2,3,[]
58853,2021-04-24T15:30:00,31. Spieltag,SC Freiburg,TSG 1899 Hoffenheim,1,1,[]
58854,2021-04-24T15:30:00,31. Spieltag,1. FSV Mainz 05,FC Bayern München,2,1,[]
58857,2021-04-24T15:30:00,31. Spieltag,1. FC Union Berlin,Werder Bremen,3,1,[]
58858,2021-04-24T15:30:00,31. Spieltag,VfL Wolfsburg,Borussia Dortmund,0,2,[]
58851,2021-04-24T18:30:00,31. Spieltag,Bayer Leverkusen,Eintracht Frankfurt,3,1,[]
58855,2021-04-25T15:30:00,31. Spieltag,RB Leipzig,VfB Stuttgart,2,0,[]
58852,2021-04-25T18:00:00,31. Spieltag,Borussia Mönchengladbach,Arminia Bielefeld,5,0,[]
58837,2021-05-03T18:00:00,29. Spieltag,1. FSV Mainz 05,Hertha BSC,1,1,[]
58845,2021-05-06T18:30:00,30. Spieltag,Hertha BSC,SC Freiburg,3,0,[]
58865,2021-05-07T20:30:00,32. Spieltag,VfB Stuttgart,FC Augsburg,2,1,[]
58860,2021-05-08T15:30:00,32. Spieltag,Borussia Dortmund,RB Leipzig,3,2,[]
58863,2021-05-08T15:30:00,32. Spieltag,TSG 1899 Hoffenheim,FC Schalke 04,4,2,[]
58866,2021-05-08T15:30:00,32. Spieltag,Werder Bremen,Bayer Leverkusen,0,0,[]
58867,2021-05-08T15:30:00,32. Spieltag,VfL Wolfsburg,1. FC Union Berlin,3,0,[]
58859,2021-05-08T18:30:00,32. Spieltag,FC Bayern München,Borussia Mönchengladbach,6,0,[]
58864,2021-05-09T13:30:00,32. Spieltag,1. FC Köln,SC Freiburg,1,4,[]
58861,2021-05-09T15:30:00,32. Spieltag,Eintracht Frankfurt,1. FSV Mainz 05,1,1,[]
58862,2021-05-09T18:00:00,32. Spieltag,Hertha BSC,Arminia Bielefeld,0,0,[]
58856,2021-05-12T18:00:00,31. Spieltag,FC Schalke 04,Hertha BSC,1,2,[]
58868,2021-05-15T15:30:00,33. Spieltag,Arminia Bielefeld,TSG 1899 Hoffenheim,1,1,[]
58869,2021-05-15T15:30:00,33. Spieltag,FC Augsburg,Werder Bremen,2,0,[]
58870,2021-05-15T15:30:00,33. Spieltag,Bayer Leverkusen,1. FC Union Berlin,1,1,[]
58871,2021-05-15T15:30:00,33. Spieltag,Borussia Mönchengladbach,VfB Stuttgart,1,2,[]
58872,2021-05-15T15:30:00,33. Spieltag,SC Freiburg,FC Bayern München,2,2,[]
58873,2021-05-15T15:30:00,33. Spieltag,Hertha BSC,1. FC Köln,0,0,[]
58876,2021-05-15T15:30:00,33. Spieltag,FC Schalke 04,Eintracht Frankfurt,4,3,[]
58874,2021-05-16T18:00:00,33. Spieltag,1. FSV Mainz 05,Borussia Dortmund,1,3,[]
58875,2021-05-16T20:30:00,33. Spieltag,RB Leipzig,VfL Wolfsburg,2,2,[]
58877,2021-05-22T15:30:00,34. Spieltag,FC Bayern München,FC Augsburg,5,2,[]
58878,2021-05-22T15:30:00,34. Spieltag,Borussia Dortmund,Bayer Leverkusen,3,1,[]
58879,2021-05-22T15:30:00,34. Spieltag,Eintracht Frankfurt,SC Freiburg,3,1,[]
58880,2021-05-22T15:30:00,34. Spieltag,TSG 1899 Hoffenheim,Hertha BSC,2,1,[]
58881,2021-05-22T15:30:00,34. Spieltag,1. FC Köln,FC Schalke 04,1,0,[]
58882,2021-05-22T15:30:00,34. Spieltag,VfB Stuttgart,Arminia Bielefeld,0,2,[]
58883,2021-05-22T15:30:00,34. Spieltag,1. FC Union Berlin,RB Leipzig,2,1,[]
58884,2021-05-22T15:30:00,34. Spieltag,Werder Bremen,Borussia Mönchengladbach,2,4,[]
58885,2021-05-22T15:30:00,34. Spieltag,VfL Wolfsburg,1. FSV Mainz 05,2,3,[]
60845,2021-08-13T20:30:00,1. Spieltag,Borussia Mönchengladbach,FC Bayern München,1,1,[]
60846,2021-08-14T15:30:00,1. Spieltag,Arminia Bielefeld,SC Freiburg,0,0,[]
60847,2021-08-14T15:30:00,1. Spieltag,FC Augsburg,TSG 1899 Hoffenheim,0,4,[]
60851,2021-08-14T15:30:00,1. Spieltag,VfB Stuttgart,SpVgg Greuther Fürth,5,1,[]
60852,2021-08-14T15:30:00,1. Spieltag,1. FC Union Berlin,Bayer Leverkusen,1,1,[]
60853,2021-08-14T15:30:00,1. Spieltag,VfL Wolfsburg,VfL Bochum,1,0,[]
60848,2021-08-14T18:30:00,1. Spieltag,Borussia Dortmund,Eintracht Frankfurt,5,2,[]
60850,2021-08-15T15:30:00,1. Spieltag,1. FSV Mainz 05,RB Leipzig,1,0,[]
60849,2021-08-15T17:30:00,1. Spieltag,1. FC Köln,Hertha BSC,3,1,[]
60862,2021-08-20T20:30:00,2. Spieltag,RB Leipzig,VfB Stuttgart,4,0,[]
60856,2021-08-21T15:30:00,2. Spieltag,VfL Bochum,1. FSV Mainz 05,2,0,[]
60857,2021-08-21T15:30:00,2. Spieltag,Eintracht Frankfurt,FC Augsburg,0,0,[]
60858,2021-08-21T15:30:00,2. Spieltag,SC Freiburg,Borussia Dortmund,2,1,[]
60859,2021-08-21T15:30:00,2. Spieltag,SpVgg Greuther Fürth,Arminia Bielefeld,1,1,[]
60860,2021-08-21T15:30:00,2. Spieltag,Hertha BSC,VfL Wolfsburg,1,2,[]
60854,2021-08-21T18:30:00,2. Spieltag,Bayer Leverkusen,Borussia Mönchengladbach,4,0,[]
60861,2021-08-22T15:30:00,2. Spieltag,TSG 1899 Hoffenheim,1. FC Union Berlin,2,2,[]
60855,2021-08-22T17:30:00,2. Spieltag,FC Bayern München,1. FC Köln,3,2,[]
60866,2021-08-27T20:30:00,3. Spieltag,Borussia Dortmund,TSG 1899 Hoffenheim,3,2,[]
60863,2021-08-28T15:30:00,3. Spieltag,Arminia Bielefeld,Eintracht Frankfurt,1,1,[]
60864,2021-08-28T15:30:00,3. Spieltag,FC Augsburg,Bayer Leverkusen,1,4,[]
60867,2021-08-28T15:30:00,3. Spieltag,1. FC Köln,VfL Bochum,2,1,[]
60868,2021-08-28T15:30:00,3. Spieltag,1. FSV Mainz 05,SpVgg Greuther Fürth,3,0,[]
60869,2021-08-28T15:30:00,3. Spieltag,VfB Stuttgart,SC Freiburg,2,3,[]
60865,2021-08-28T18:30:00,3. Spieltag,FC Bayern München,Hertha BSC,5,0,[]
60870,2021-08-29T15:30:00,3. Spieltag,1. FC Union Berlin,Borussia Mönchengladbach,2,1,[]
60871,2021-08-29T17:30:00,3. Spieltag,VfL Wolfsburg,RB Leipzig,1,0,[]
60872,2021-09-11T15:30:00,4. Spieltag,Bayer Leverkusen,Borussia Dortmund,3,4,[]
60876,2021-09-11T15:30:00,4. Spieltag,SC Freiburg,1. FC Köln,1,1,[]
60877,2021-09-11T15:30:00,4. Spieltag,SpVgg Greuther Fürth,VfL Wolfsburg,0,2,[]
60878,2021-09-11T15:30:00,4. Spieltag,TSG 1899 Hoffenheim,1. FSV Mainz 05,0,2,[]
60880,2021-09-11T15:30:00,4. Spieltag,1. FC Union Berlin,FC Augsburg,0,0,[]
60879,2021-09-11T18:30:00,4. Spieltag,RB Leipzig,FC Bayern München,1,4,[]
60875,2021-09-12T15:30:00,4. Spieltag,Eintracht Frankfurt,VfB Stuttgart,1,1,[]
60873,2021-09-12T17:30:00,4. Spieltag,VfL Bochum,Hertha BSC,1,3,[]
60874,2021-09-12T19:30:00,4. Spieltag,Borussia Mönchengladbach,Arminia Bielefeld,3,1,[]
60885,2021-09-17T20:30:00,5. Spieltag,Hertha BSC,SpVgg Greuther Fürth,2,1,[]
60881,2021-09-18T15:30:00,5. Spieltag,Arminia Bielefeld,TSG 1899 Hoffenheim,0,0,[]
60882,2021-09-18T15:30:00,5. Spieltag,FC Augsburg,Borussia Mönchengladbach,1,0,[]
60883,2021-09-18T15:30:00,5. Spieltag,FC Bayern München,VfL Bochum,7,0,[]
60887,2021-09-18T15:30:00,5. Spieltag,1. FSV Mainz 05,SC Freiburg,0,0,[]
60886,2021-09-18T18:30:00,5. Spieltag,1. FC Köln,RB Leipzig,1,1,[]
60888,2021-09-19T15:30:00,5. Spieltag,VfB Stuttgart,Bayer Leverkusen,1,3,[]
60884,2021-09-19T17:30:00,5. Spieltag,Borussia Dortmund,1. FC Union Berlin,4,2,[]
60889,2021-09-19T19:30:00,5. Spieltag,VfL Wolfsburg,Eintracht Frankfurt,1,1,[]
60895,2021-09-24T20:30:00,6. Spieltag,SpVgg Greuther Fürth,FC Bayern München,1,3,[]
60890,2021-09-25T15:30:00,6. Spieltag,Bayer Leverkusen,1. FSV Mainz 05,1,0,[]
60893,2021-09-25T15:30:00,6. Spieltag,Eintracht Frankfurt,1. FC Köln,1,1,[]
60896,2021-09-25T15:30:00,6. Spieltag,TSG 1899 Hoffenheim,VfL Wolfsburg,3,1,[]
60897,2021-09-25T15:30:00,6. Spieltag,RB Leipzig,Hertha BSC,6,0,[]
60898,2021-09-25T15:30:00,6. Spieltag,1. FC Union Berlin,Arminia Bielefeld,1,0,[]
60892,2021-09-25T18:30:00,6. Spieltag,Borussia Mönchengladbach,Borussia Dortmund,1,0,[]
60891,2021-09-26T15:30:00,6. Spieltag,VfL Bochum,VfB Stuttgart,0,0,[]
60894,2021-09-26T17:30:00,6. Spieltag,SC Freiburg,FC Augsburg,3,0,[]
60903,2021-10-01T20:30:00,7. Spieltag,1. FC Köln,SpVgg Greuther Fürth,3,1,[]
60901,2021-10-02T15:30:00,7. Spieltag,Borussia Dortmund,FC Augsburg,2,1,[]
60902,2021-10-02T15:30:00,7. Spieltag,Hertha BSC,SC Freiburg,1,2,[]
60906,2021-10-02T15:30:00,7. Spieltag,VfB Stuttgart,TSG 1899 Hoffenheim,3,1,[]
60907,2021-10-02T15:30:00,7. Spieltag,VfL Wolfsburg,Borussia Mönchengladbach,1,3,[]
60905,2021-10-02T18:30:00,7. Spieltag,RB Leipzig,VfL Bochum,3,0,[]
60904,2021-10-03T15:30:00,7. Spieltag,1. FSV Mainz 05,1. FC Union Berlin,1,2,[]
60900,2021-10-03T17:30:00,7. Spieltag,FC Bayern München,Eintracht Frankfurt,1,2,[]
60899,2021-10-03T19:30:00,7. Spieltag,Arminia Bielefeld,Bayer Leverkusen,0,4,[]
60915,2021-10-15T20:30:00,8. Spieltag,TSG 1899 Hoffenheim,1. FC Köln,5,0,[]
60910,2021-10-16T15:30:00,8. Spieltag,Borussia Dortmund,1. FSV Mainz 05,3,1,[]
60912,2021-10-16T15:30:00,8. Spieltag,Eintracht Frankfurt,Hertha BSC,1,2,[]
60913,2021-10-16T15:30:00,8. Spieltag,SC Freiburg,RB Leipzig,1,1,[]
60914,2021-10-16T15:30:00,8. Spieltag,SpVgg Greuther Fürth,VfL Bochum,0,1,[]
60916,2021-10-16T15:30:00,8. Spieltag,1. FC Union Berlin,VfL Wolfsburg,2,0,[]
60911,2021-10-16T18:30:00,8. Spieltag,Borussia Mönchengladbach,VfB Stuttgart,1,1,[]
60909,2021-10-17T15:30:00,8. Spieltag,Bayer Leverkusen,FC Bayern München,1,5,[]
60908,2021-10-17T17:30:00,8. Spieltag,FC Augsburg,Arminia Bielefeld,1,1,[]
60922,2021-10-22T20:30:00,9. Spieltag,1. FSV Mainz 05,FC Augsburg,4,1,[]
60917,2021-10-23T15:30:00,9. Spieltag,Arminia Bielefeld,Borussia Dortmund,1,3,[]
60918,2021-10-23T15:30:00,9. Spieltag,FC Bayern München,TSG 1899 Hoffenheim,4,0,[]
60923,2021-10-23T15:30:00,9. Spieltag,RB Leipzig,SpVgg Greuther Fürth,4,1,[]
60925,2021-10-23T15:30:00,9. Spieltag,VfL Wolfsburg,SC Freiburg,0,2,[]
60920,2021-10-23T18:30:00,9. Spieltag,Hertha BSC,Borussia Mönchengladbach,1,0,[]
60921,2021-10-24T15:30:00,9. Spieltag,1. FC Köln,Bayer Leverkusen,2,2,[]
60924,2021-10-24T17:30:00,9. Spieltag,VfB Stuttgart,1. FC Union Berlin,1,1,[]
60919,2021-10-24T19:30:00,9. Spieltag,VfL Bochum,Eintracht Frankfurt,2,0,[]
60933,2021-10-29T20:30:00,10. Spieltag,TSG 1899 Hoffenheim,Hertha BSC,2,0,[]
60926,2021-10-30T15:30:00,10. Spieltag,Arminia Bielefeld,1. FSV Mainz 05,1,2,[]
60928,2021-10-30T15:30:00,10. Spieltag,Bayer Leverkusen,VfL Wolfsburg,0,2,[]
60929,2021-10-30T15:30:00,10. Spieltag,Borussia Dortmund,1. FC Köln,2,0,[]
60932,2021-10-30T15:30:00,10. Spieltag,SC Freiburg,SpVgg Greuther Fürth,3,1,[]
60934,2021-10-30T15:30:00,10. Spieltag,1. FC Union Berlin,FC Bayern München,2,5,[]
60931,2021-10-30T18:30:00,10. Spieltag,Eintracht Frankfurt,RB Leipzig,1,1,[]
60927,2021-10-31T15:30:00,10. Spieltag,FC Augsburg,VfB Stuttgart,4,1,[]
60930,2021-10-31T17:30:00,10. Spieltag,Borussia Mönchengladbach,VfL Bochum,2,1,[]
60940,2021-11-05T20:30:00,11. Spieltag,1. FSV Mainz 05,Borussia Mönchengladbach,1,1,[]
60935,2021-11-06T15:30:00,11. Spieltag,FC Bayern München,SC Freiburg,2,1,[]
60936,2021-11-06T15:30:00,11. Spieltag,VfL Bochum,TSG 1899 Hoffenheim,2,0,[]
60942,2021-11-06T15:30:00,11. Spieltag,VfB Stuttgart,Arminia Bielefeld,0,1,[]
60943,2021-11-06T15:30:00,11. Spieltag,VfL Wolfsburg,FC Augsburg,1,0,[]
60941,2021-11-06T18:30:00,11. Spieltag,RB Leipzig,Borussia Dortmund,2,1,[]
60938,2021-11-07T15:30:00,11. Spieltag,Hertha BSC,Bayer Leverkusen,1,1,[]
60939,2021-11-07T17:30:00,11. Spieltag,1. FC Köln,1. FC Union Berlin,2,2,[]
60937,2021-11-07T19:30:00,11. Spieltag,SpVgg Greuther Fürth,Eintracht Frankfurt,1,2,[]
60945,2021-11-19T20:30:00,12. Spieltag,FC Augsburg,FC Bayern München,2,1,[]
60944,2021-11-20T15:30:00,12. Spieltag,Arminia Bielefeld,VfL Wolfsburg,2,2,[]
60946,2021-11-20T15:30:00,12. Spieltag,Bayer Leverkusen,VfL Bochum,1,0,[]
60947,2021-11-20T15:30:00,12. Spieltag,Borussia Dortmund,VfB Stuttgart,2,1,[]
60948,2021-11-20T15:30:00,12. Spieltag,Borussia Mönchengladbach,SpVgg Greuther Fürth,4,0,[]
60950,2021-11-20T15:30:00,12. Spieltag,TSG 1899 Hoffenheim,RB Leipzig,2,0,[]
60952,2021-11-20T18:30:00,12. Spieltag,1. FC Union Berlin,Hertha BSC,2,0,[]
60949,2021-11-21T15:30:00,12. Spieltag,SC Freiburg,Eintracht Frankfurt,0,2,[]
60951,2021-11-21T17:30:00,12. Spieltag,1. FSV Mainz 05,1. FC Köln,1,1,[]
60960,2021-11-26T20:30:00,13. Spieltag,VfB Stuttgart,1. FSV Mainz 05,2,1,[]
60954,2021-11-27T15:30:00,13. Spieltag,VfL Bochum,SC Freiburg,2,1,[]
60956,2021-11-27T15:30:00,13. Spieltag,SpVgg Greuther Fürth,TSG 1899 Hoffenheim,3,6,[]
60957,2021-11-27T15:30:00,13. Spieltag,Hertha BSC,FC Augsburg,1,1,[]
60958,2021-11-27T15:30:00,13. Spieltag,1. FC Köln,Borussia Mönchengladbach,4,1,[]
60961,2021-11-27T15:30:00,13. Spieltag,VfL Wolfsburg,Borussia Dortmund,1,3,[]
60953,2021-11-27T18:30:00,13. Spieltag,FC Bayern München,Arminia Bielefeld,1,0,[]
60955,2021-11-28T15:30:00,13. Spieltag,Eintracht Frankfurt,1. FC Union Berlin,2,1,[]
60959,2021-11-28T17:30:00,13. Spieltag,RB Leipzig,Bayer Leverkusen,1,3,[]
60970,2021-12-03T20:30:00,14. Spieltag,1. FC Union Berlin,RB Leipzig,2,1,[]
60962,2021-12-04T15:30:00,14. Spieltag,Arminia Bielefeld,1. FC Köln,1,1,[]
60963,2021-12-04T15:30:00,14. Spieltag,FC Augsburg,VfL Bochum,2,3,[]
60964,2021-12-04T15:30:00,14. Spieltag,Bayer Leverkusen,SpVgg Greuther Fürth,7,1,[]
60967,2021-12-04T15:30:00,14. Spieltag,TSG 1899 Hoffenheim,Eintracht Frankfurt,3,2,[]
60968,2021-12-04T15:30:00,14. Spieltag,1. FSV Mainz 05,VfL Wolfsburg,3,0,[]
60965,2021-12-04T18:30:00,14. Spieltag,Borussia Dortmund,FC Bayern München,2,3,[]
60969,2021-12-05T15:30:00,14. Spieltag,VfB Stuttgart,Hertha BSC,2,2,[]
60966,2021-12-05T17:30:00,14. Spieltag,Borussia Mönchengladbach,SC Freiburg,0,6,[]
60977,2021-12-10T20:30:00,15. Spieltag,1. FC Köln,FC Augsburg,0,2,[]
60971,2021-12-11T15:30:00,15. Spieltag,FC Bayern München,1. FSV Mainz 05,2,1,[]
60972,2021-12-11T15:30:00,15. Spieltag,VfL Bochum,Borussia Dortmund,1,1,[]
60974,2021-12-11T15:30:00,15. Spieltag,SC Freiburg,TSG 1899 Hoffenheim,1,2,[]
60976,2021-12-11T15:30:00,15. Spieltag,Hertha BSC,Arminia Bielefeld,2,0,[]
60978,2021-12-11T15:30:00,15. Spieltag,RB Leipzig,Borussia Mönchengladbach,4,1,[]
60979,2021-12-11T18:30:00,15. Spieltag,VfL Wolfsburg,VfB Stuttgart,0,2,[]
60975,2021-12-12T15:30:00,15. Spieltag,SpVgg Greuther Fürth,1. FC Union Berlin,1,0,[]
60973,2021-12-12T17:30:00,15. Spieltag,Eintracht Frankfurt,Bayer Leverkusen,5,2,[]
60986,2021-12-14T18:30:00,16. Spieltag,VfB Stuttgart,FC Bayern München,0,5,[]
60980,2021-12-14T20:30:00,16. Spieltag,Arminia Bielefeld,VfL Bochum,2,0,[]
60985,2021-12-14T20:30:00,16. Spieltag,1. FSV Mainz 05,Hertha BSC,4,0,[]
60988,2021-12-14T20:30:00,16. Spieltag,VfL Wolfsburg,1. FC Köln,2,3,[]
60984,2021-12-15T18:30:00,16. Spieltag,Borussia Mönchengladbach,Eintracht Frankfurt,2,3,[]
60981,2021-12-15T20:30:00,16. Spieltag,FC Augsburg,RB Leipzig,1,1,[]
60982,2021-12-15T20:30:00,16. Spieltag,Bayer Leverkusen,TSG 1899 Hoffenheim,2,2,[]
60983,2021-12-15T20:30:00,16. Spieltag,Borussia Dortmund,SpVgg Greuther Fürth,3,0,[]
60987,2021-12-15T20:30:00,16. Spieltag,1. FC Union Berlin,SC Freiburg,0,0,[]
60989,2021-12-17T20:30:00,17. Spieltag,FC Bayern München,VfL Wolfsburg,4,0,[]
60990,2021-12-18T15:30:00,17. Spieltag,VfL Bochum,1. FC Union Berlin,0,1,[]
60991,2021-12-18T15:30:00,17. Spieltag,Eintracht Frankfurt,1. FSV Mainz 05,1,0,[]
60993,2021-12-18T15:30:00,17. Spieltag,SpVgg Greuther Fürth,FC Augsburg,0,0,[]
60995,2021-12-18T15:30:00,17. Spieltag,TSG 1899 Hoffenheim,Borussia Mönchengladbach,1,1,[]
60997,2021-12-18T15:30:00,17. Spieltag,RB Leipzig,Arminia Bielefeld,0,2,[]
60994,2021-12-18T18:30:00,17. Spieltag,Hertha BSC,Borussia Dortmund,3,2,[]
60992,2021-12-19T15:30:00,17. Spieltag,SC Freiburg,Bayer Leverkusen,2,1,[]
60996,2021-12-19T17:30:00,17. Spieltag,1. FC Köln,VfB Stuttgart,1,0,[]
60999,2022-01-07T20:30:00,18. Spieltag,FC Bayern München,Borussia Mönchengladbach,1,2,[]
60998,2022-01-08T15:30:00,18. Spieltag,Bayer Leverkusen,1. FC Union Berlin,2,2,[]
61002,2022-01-08T15:30:00,18. Spieltag,SC Freiburg,Arminia Bielefeld,2,2,[]
61003,2022-01-08T15:30:00,18. Spieltag,SpVgg Greuther Fürth,VfB Stuttgart,0,0,[]
61005,2022-01-08T15:30:00,18. Spieltag,TSG 1899 Hoffenheim,FC Augsburg,3,1,[]
61006,2022-01-08T15:30:00,18. Spieltag,RB Leipzig,1. FSV Mainz 05,4,1,[]
61001,2022-01-08T18:30:00,18. Spieltag,Eintracht Frankfurt,Borussia Dortmund,2,3,[]
61004,2022-01-09T15:30:00,18. Spieltag,Hertha BSC,1. FC Köln,1,3,[]
61000,2022-01-09T17:30:00,18. Spieltag,VfL Bochum,VfL Wolfsburg,1,0,[]
61009,2022-01-14T20:30:00,19. Spieltag,Borussia Dortmund,SC Freiburg,5,1,[]
61011,2022-01-15T15:30:00,19. Spieltag,1. FC Köln,FC Bayern München,0,4,[]
61012,2022-01-15T15:30:00,19. Spieltag,1. FSV Mainz 05,VfL Bochum,1,0,[]
61013,2022-01-15T15:30:00,19. Spieltag,VfB Stuttgart,RB Leipzig,0,2,[]
61014,2022-01-15T15:30:00,19. Spieltag,1. FC Union Berlin,TSG 1899 Hoffenheim,2,1,[]
61015,2022-01-15T15:30:00,19. Spieltag,VfL Wolfsburg,Hertha BSC,0,0,[]
61010,2022-01-15T18:30:00,19. Spieltag,Borussia Mönchengladbach,Bayer Leverkusen,1,2,[]
61008,2022-01-16T15:30:00,19. Spieltag,FC Augsburg,Eintracht Frankfurt,1,1,[]
61007,2022-01-16T17:30:00,19. Spieltag,Arminia Bielefeld,SpVgg Greuther Fürth,2,2,[]
61019,2022-01-21T20:30:00,20. Spieltag,Eintracht Frankfurt,Arminia Bielefeld,0,2,[]
61016,2022-01-22T15:30:00,20. Spieltag,Bayer Leverkusen,FC Augsburg,5,1,[]
61018,2022-01-22T15:30:00,20. Spieltag,Borussia Mönchengladbach,1. FC Union Berlin,1,2,[]
61020,2022-01-22T15:30:00,20. Spieltag,SC Freiburg,VfB Stuttgart,2,0,[]
61021,2022-01-22T15:30:00,20. Spieltag,SpVgg Greuther Fürth,1. FSV Mainz 05,2,1,[]
61023,2022-01-22T15:30:00,20. Spieltag,TSG 1899 Hoffenheim,Borussia Dortmund,2,3,[]
61017,2022-01-22T18:30:00,20. Spieltag,VfL Bochum,1. FC Köln,2,2,[]
61024,2022-01-23T15:30:00,20. Spieltag,RB Leipzig,VfL Wolfsburg,2,0,[]
61022,2022-01-23T17:30:00,20. Spieltag,Hertha BSC,FC Bayern München,1,4,[]
61029,2022-02-04T20:30:00,21. Spieltag,Hertha BSC,VfL Bochum,1,1,[]
61025,2022-02-05T15:30:00,21. Spieltag,Arminia Bielefeld,Borussia Mönchengladbach,1,1,[]
61026,2022-02-05T15:30:00,21. Spieltag,FC Augsburg,1. FC Union Berlin,2,0,[]
61030,2022-02-05T15:30:00,21. Spieltag,1. FC Köln,SC Freiburg,1,0,[]
61031,2022-02-05T15:30:00,21. Spieltag,1. FSV Mainz 05,TSG 1899 Hoffenheim,2,0,[]
61032,2022-02-05T15:30:00,21. Spieltag,VfB Stuttgart,Eintracht Frankfurt,2,3,[]
61027,2022-02-05T18:30:00,21. Spieltag,FC Bayern München,RB Leipzig,3,2,[]
61028,2022-02-06T15:30:00,21. Spieltag,Borussia Dortmund,Bayer Leverkusen,2,5,[]
61033,2022-02-06T17:30:00,21. Spieltag,VfL Wolfsburg,SpVgg Greuther Fürth,4,1,[]
61041,2022-02-11T20:30:00,22. Spieltag,RB Leipzig,1. FC Köln,3,1,[]
61035,2022-02-12T15:30:00,22. Spieltag,VfL Bochum,FC Bayern München,4,2,[]
61036,2022-02-12T15:30:00,22. Spieltag,Borussia Mönchengladbach,FC Augsburg,3,2,[]
61037,2022-02-12T15:30:00,22. Spieltag,Eintracht Frankfurt,VfL Wolfsburg,0,2,[]
61038,2022-02-12T15:30:00,22. Spieltag,SC Freiburg,1. FSV Mainz 05,1,1,[]
61039,2022-02-12T15:30:00,22. Spieltag,SpVgg Greuther Fürth,Hertha BSC,2,1,[]
61034,2022-02-12T18:30:00,22. Spieltag,Bayer Leverkusen,VfB Stuttgart,4,2,[]
61042,2022-02-13T15:30:00,22. Spieltag,1. FC Union Berlin,Borussia Dortmund,0,3,[]
61040,2022-02-13T17:30:00,22. Spieltag,TSG 1899 Hoffenheim,Arminia Bielefeld,2,0,[]
61049,2022-02-18T20:30:00,23. Spieltag,1. FSV Mainz 05,Bayer Leverkusen,3,2,[]
61043,2022-02-19T15:30:00,23. Spieltag,Arminia Bielefeld,1. FC Union Berlin,1,0,[]
61044,2022-02-19T15:30:00,23. Spieltag,FC Augsburg,SC Freiburg,1,2,[]
61050,2022-02-19T15:30:00,23. Spieltag,VfB Stuttgart,VfL Bochum,1,1,[]
61051,2022-02-19T15:30:00,23. Spieltag,VfL Wolfsburg,TSG 1899 Hoffenheim,1,2,[]
61048,2022-02-19T18:30:00,23. Spieltag,1. FC Köln,Eintracht Frankfurt,1,0,[]
61045,2022-02-20T15:30:00,23. Spieltag,FC Bayern München,SpVgg Greuther Fürth,4,1,[]
61046,2022-02-20T17:30:00,23. Spieltag,Borussia Dortmund,Borussia Mönchengladbach,6,0,[]
61047,2022-02-20T19:30:00,23. Spieltag,Hertha BSC,RB Leipzig,1,6,[]
61059,2022-02-25T20:30:00,24. Spieltag,TSG 1899 Hoffenheim,VfB Stuttgart,2,1,[]
61053,2022-02-26T15:30:00,24. Spieltag,Bayer Leverkusen,Arminia Bielefeld,3,0,[]
61055,2022-02-26T15:30:00,24. Spieltag,Borussia Mönchengladbach,VfL Wolfsburg,2,2,[]
61057,2022-02-26T15:30:00,24. Spieltag,SC Freiburg,Hertha BSC,3,0,[]
61058,2022-02-26T15:30:00,24. Spieltag,SpVgg Greuther Fürth,1. FC Köln,1,1,[]
61060,2022-02-26T15:30:00,24. Spieltag,1. FC Union Berlin,1. FSV Mainz 05,3,1,[]
61056,2022-02-26T18:30:00,24. Spieltag,Eintracht Frankfurt,FC Bayern München,0,1,[]
61054,2022-02-27T15:30:00,24. Spieltag,VfL Bochum,RB Leipzig,0,1,[]
61052,2022-02-27T17:30:00,24. Spieltag,FC Augsburg,Borussia Dortmund,1,1,[]
61061,2022-03-04T20:30:00,25. Spieltag,Arminia Bielefeld,FC Augsburg,0,1,[]
61062,2022-03-05T15:30:00,25. Spieltag,FC Bayern München,Bayer Leverkusen,1,1,[]
61063,2022-03-05T15:30:00,25. Spieltag,VfL Bochum,SpVgg Greuther Fürth,2,1,[]
61064,2022-03-05T15:30:00,25. Spieltag,Hertha BSC,Eintracht Frankfurt,1,4,[]
61067,2022-03-05T15:30:00,25. Spieltag,RB Leipzig,SC Freiburg,1,1,[]
61069,2022-03-05T15:30:00,25. Spieltag,VfL Wolfsburg,1. FC Union Berlin,1,0,[]
61068,2022-03-05T18:30:00,25. Spieltag,VfB Stuttgart,Borussia Mönchengladbach,3,2,[]
61065,2022-03-06T17:30:00,25. Spieltag,1. FC Köln,TSG 1899 Hoffenheim,0,1,[]
61075,2022-03-12T15:30:00,26. Spieltag,SC Freiburg,VfL Wolfsburg,3,2,[]
61077,2022-03-12T15:30:00,26. Spieltag,TSG 1899 Hoffenheim,FC Bayern München,1,1,[]
61078,2022-03-12T15:30:00,26. Spieltag,1. FC Union Berlin,VfB Stuttgart,1,1,[]
61073,2022-03-12T18:30:00,26. Spieltag,Borussia Mönchengladbach,Hertha BSC,2,0,[]
61071,2022-03-13T15:30:00,26. Spieltag,Bayer Leverkusen,1. FC Köln,0,1,[]
61072,2022-03-13T17:30:00,26. Spieltag,Borussia Dortmund,Arminia Bielefeld,1,0,[]
61074,2022-03-13T17:30:00,26. Spieltag,Eintracht Frankfurt,VfL Bochum,2,1,[]
61076,2022-03-13T19:30:00,26. Spieltag,SpVgg Greuther Fürth,RB Leipzig,1,6,[]
61066,2022-03-16T18:30:00,25. Spieltag,1. FSV Mainz 05,Borussia Dortmund,0,1,[]
61080,2022-03-18T20:30:00,27. Spieltag,VfL Bochum,Borussia Mönchengladbach,0,2,[]
61081,2022-03-19T15:30:00,27. Spieltag,SpVgg Greuther Fürth,SC Freiburg,0,0,[]
61082,2022-03-19T15:30:00,27. Spieltag,Hertha BSC,TSG 1899 Hoffenheim,3,0,[]
61084,2022-03-19T15:30:00,27. Spieltag,1. FSV Mainz 05,Arminia Bielefeld,4,0,[]
61086,2022-03-19T15:30:00,27. Spieltag,VfB Stuttgart,FC Augsburg,3,2,[]
61079,2022-03-19T18:30:00,27. Spieltag,FC Bayern München,1. FC Union Berlin,4,0,[]
61085,2022-03-20T15:30:00,27. Spieltag,RB Leipzig,Eintracht Frankfurt,0,0,[]
61087,2022-03-20T17:30:00,27. Spieltag,VfL Wolfsburg,Bayer Leverkusen,0,2,[]
61083,2022-03-20T19:30:00,27. Spieltag,1. FC Köln,Borussia Dortmund,1,1,[]
61096,2022-04-01T20:30:00,28. Spieltag,1. FC Union Berlin,1. FC Köln,1,0,[]
61088,2022-04-02T15:30:00,28. Spieltag,Arminia Bielefeld,VfB Stuttgart,1,1,[]
61090,2022-04-02T15:30:00,28. Spieltag,Bayer Leverkusen,Hertha BSC,2,1,[]
61093,2022-04-02T15:30:00,28. Spieltag,Eintracht Frankfurt,SpVgg Greuther Fürth,0,0,[]
61094,2022-04-02T15:30:00,28. Spieltag,SC Freiburg,FC Bayern München,1,4,[]
61095,2022-04-02T15:30:00,28. Spieltag,TSG 1899 Hoffenheim,VfL Bochum,1,2,[]
61091,2022-04-02T18:30:00,28. Spieltag,Borussia Dortmund,RB Leipzig,1,4,[]
61089,2022-04-03T15:30:00,28. Spieltag,FC Augsburg,VfL Wolfsburg,3,0,[]
61092,2022-04-03T17:30:00,28. Spieltag,Borussia Mönchengladbach,1. FSV Mainz 05,1,1,[]
61070,2022-04-06T18:30:00,26. Spieltag,FC Augsburg,1. FSV Mainz 05,2,1,[]
61104,2022-04-08T20:30:00,29. Spieltag,VfB Stuttgart,Borussia Dortmund,0,2,[]
61097,2022-04-09T15:30:00,29. Spieltag,FC Bayern München,FC Augsburg,1,0,[]
61100,2022-04-09T15:30:00,29. Spieltag,SpVgg Greuther Fürth,Borussia Mönchengladbach,0,2,[]
61102,2022-04-09T15:30:00,29. Spieltag,1. FC Köln,1. FSV Mainz 05,3,2,[]
61105,2022-04-09T15:30:00,29. Spieltag,VfL Wolfsburg,Arminia Bielefeld,4,0,[]
61101,2022-04-09T18:30:00,29. Spieltag,Hertha BSC,1. FC Union Berlin,1,4,[]
61098,2022-04-10T15:30:00,29. Spieltag,VfL Bochum,Bayer Leverkusen,0,0,[]
61099,2022-04-10T17:30:00,29. Spieltag,Eintracht Frankfurt,SC Freiburg,1,2,[]
61103,2022-04-10T19:30:00,29. Spieltag,RB Leipzig,TSG 1899 Hoffenheim,3,0,[]
61107,2022-04-16T15:30:00,30. Spieltag,FC Augsburg,Hertha BSC,0,1,[]
61109,2022-04-16T15:30:00,30. Spieltag,Borussia Dortmund,VfL Wolfsburg,6,1,[]
61111,2022-04-16T15:30:00,30. Spieltag,SC Freiburg,VfL Bochum,3,0,[]
61113,2022-04-16T15:30:00,30. Spieltag,1. FSV Mainz 05,VfB Stuttgart,0,0,[]
61110,2022-04-16T18:30:00,30. Spieltag,Borussia Mönchengladbach,1. FC Köln,1,3,[]
61106,2022-04-17T15:30:00,30. Spieltag,Arminia Bielefeld,FC Bayern München,0,3,[]
61112,2022-04-17T17:30:00,30. Spieltag,TSG 1899 Hoffenheim,SpVgg Greuther Fürth,0,0,[]
61114,2022-04-17T17:30:00,30. Spieltag,1. FC Union Berlin,Eintracht Frankfurt,2,0,[]
61108,2022-04-17T19:30:00,30. Spieltag,Bayer Leverkusen,RB Leipzig,0,1,[]
61123,2022-04-22T20:30:00,31. Spieltag,VfL Wolfsburg,1. FSV Mainz 05,5,0,[]
61117,2022-04-23T15:30:00,31. Spieltag,Eintracht Frankfurt,TSG 1899 Hoffenheim,2,2,[]
61118,2022-04-23T15:30:00,31. Spieltag,SC Freiburg,Borussia Mönchengladbach,3,3,[]
61119,2022-04-23T15:30:00,31. Spieltag,SpVgg Greuther Fürth,Bayer Leverkusen,1,4,[]
61121,2022-04-23T15:30:00,31. Spieltag,1. FC Köln,Arminia Bielefeld,3,1,[]
61122,2022-04-23T15:30:00,31. Spieltag,RB Leipzig,1. FC Union Berlin,1,2,[]
61115,2022-04-23T18:30:00,31. Spieltag,FC Bayern München,Borussia Dortmund,3,1,[]
61116,2022-04-24T15:30:00,31. Spieltag,VfL Bochum,FC Augsburg,0,2,[]
61120,2022-04-24T17:30:00,31. Spieltag,Hertha BSC,VfB Stuttgart,2,0,[]
61132,2022-04-29T20:30:00,32. Spieltag,1. FC Union Berlin,SpVgg Greuther Fürth,1,1,[]
61124,2022-04-30T15:30:00,32. Spieltag,Arminia Bielefeld,Hertha BSC,1,1,[]
61125,2022-04-30T15:30:00,32. Spieltag,FC Augsburg,1. FC Köln,1,4,[]
61127,2022-04-30T15:30:00,32. Spieltag,Borussia Dortmund,VfL Bochum,3,4,[]
61130,2022-04-30T15:30:00,32. Spieltag,1. FSV Mainz 05,FC Bayern München,3,1,[]
61131,2022-04-30T15:30:00,32. Spieltag,VfB Stuttgart,VfL Wolfsburg,1,1,[]
61129,2022-04-30T18:30:00,32. Spieltag,TSG 1899 Hoffenheim,SC Freiburg,3,4,[]
61126,2022-05-02T20:30:00,32. Spieltag,Bayer Leverkusen,Eintracht Frankfurt,2,0,[]
61128,2022-05-02T20:30:00,32. Spieltag,Borussia Mönchengladbach,RB Leipzig,3,1,[]
61134,2022-05-06T20:30:00,33. Spieltag,VfL Bochum,Arminia Bielefeld,2,1,[]
61136,2022-05-07T15:30:00,33. Spieltag,SC Freiburg,1. FC Union Berlin,1,4,[]
61137,2022-05-07T15:30:00,33. Spieltag,SpVgg Greuther Fürth,Borussia Dortmund,1,3,[]
61139,2022-05-07T15:30:00,33. Spieltag,TSG 1899 Hoffenheim,Bayer Leverkusen,2,4,[]
61140,2022-05-07T15:30:00,33. Spieltag,1. FC Köln,VfL Wolfsburg,0,1,[]
61138,2022-05-07T18:30:00,33. Spieltag,Hertha BSC,1. FSV Mainz 05,1,2,[]
61135,2022-05-08T15:30:00,33. Spieltag,Eintracht Frankfurt,Borussia Mönchengladbach,1,1,[]
61133,2022-05-08T17:30:00,33. Spieltag,FC Bayern München,VfB Stuttgart,2,2,[]
61141,2022-05-08T19:30:00,33. Spieltag,RB Leipzig,FC Augsburg,4,0,[]
61142,2022-05-14T15:30:00,34. Spieltag,Arminia Bielefeld,RB Leipzig,1,1,[]
61143,2022-05-14T15:30:00,34. Spieltag,FC Augsburg,SpVgg Greuther Fürth,2,1,[]
61144,2022-05-14T15:30:00,34. Spieltag,Bayer Leverkusen,SC Freiburg,2,1,[]
61145,2022-05-14T15:30:00,34. Spieltag,Borussia Dortmund,Hertha BSC,2,1,[]
61146,2022-05-14T15:30:00,34. Spieltag,Borussia Mönchengladbach,TSG 1899 Hoffenheim,5,1,[]
61147,2022-05-14T15:30:00,34. Spieltag,1. FSV Mainz 05,Eintracht Frankfurt,2,2,[]
61148,2022-05-14T15:30:00,34. Spieltag,VfB Stuttgart,1. FC Köln,2,1,[]
61149,2022-05-14T15:30:00,34. Spieltag,1. FC Union Berlin,VfL Bochum,3,2,[]
61150,2022-05-14T15:30:00,34. Spieltag,VfL Wolfsburg,FC Bayern München,2,2,[]
63864,2022-08-05T20:30:00,1. Spieltag,Eintracht Frankfurt,FC Bayern München,1,6,[]
63865,2022-08-06T15:30:00,1. Spieltag,FC Augsburg,SC Freiburg,0,4,[]
63866,2022-08-06T15:30:00,1. Spieltag,VfL Bochum,1. FSV Mainz 05,1,2,[]
63868,2022-08-06T15:30:00,1. Spieltag,Borussia Mönchengladbach,TSG 1899 Hoffenheim,3,1,[]
63871,2022-08-06T15:30:00,1. Spieltag,1. FC Union Berlin,Hertha BSC,3,1,[]
63872,2022-08-06T15:30:00,1. Spieltag,VfL Wolfsburg,Werder Bremen,2,2,[]
63867,2022-08-06T18:30:00,1. Spieltag,Borussia Dortmund,Bayer Leverkusen,1,0,[]
63870,2022-08-07T15:30:00,1. Spieltag,VfB Stuttgart,RB Leipzig,1,1,[]
63869,2022-08-07T17:30:00,1. Spieltag,1. FC Köln,FC Schalke 04,3,1,[]
63875,2022-08-12T20:30:00,2. Spieltag,SC Freiburg,Borussia Dortmund,1,3,[]
63873,2022-08-13T15:30:00,2. Spieltag,Bayer Leverkusen,FC Augsburg,1,2,[]
63876,2022-08-13T15:30:00,2. Spieltag,Hertha BSC,Eintracht Frankfurt,1,1,[]
63877,2022-08-13T15:30:00,2. Spieltag,TSG 1899 Hoffenheim,VfL Bochum,3,2,[]
63879,2022-08-13T15:30:00,2. Spieltag,RB Leipzig,1. FC Köln,2,2,[]
63881,2022-08-13T15:30:00,2. Spieltag,Werder Bremen,VfB Stuttgart,2,2,[]
63880,2022-08-13T18:30:00,2. Spieltag,FC Schalke 04,Borussia Mönchengladbach,2,2,[]
63878,2022-08-14T15:30:00,2. Spieltag,1. FSV Mainz 05,1. FC Union Berlin,0,0,[]
63874,2022-08-14T17:30:00,2. Spieltag,FC Bayern München,VfL Wolfsburg,2,0,[]
63886,2022-08-19T20:30:00,3. Spieltag,Borussia Mönchengladbach,Hertha BSC,1,0,[]
63882,2022-08-20T15:30:00,3. Spieltag,FC Augsburg,1. FSV Mainz 05,1,2,[]
63883,2022-08-20T15:30:00,3. Spieltag,Bayer Leverkusen,TSG 1899 Hoffenheim,0,3,[]
63885,2022-08-20T15:30:00,3. Spieltag,Borussia Dortmund,Werder Bremen,2,3,[]
63888,2022-08-20T15:30:00,3. Spieltag,VfB Stuttgart,SC Freiburg,0,1,[]
63890,2022-08-20T15:30:00,3. Spieltag,VfL Wolfsburg,FC Schalke 04,0,0,[]
63889,2022-08-20T18:30:00,3. Spieltag,1. FC Union Berlin,RB Leipzig,2,1,[]
63887,2022-08-21T15:30:00,3. Spieltag,Eintracht Frankfurt,1. FC Köln,1,1,[]
63884,2022-08-21T17:30:00,3. Spieltag,VfL Bochum,FC Bayern München,0,7,[]
63892,2022-08-26T20:30:00,4. Spieltag,SC Freiburg,VfL Bochum,1,0,[]
63893,2022-08-27T15:30:00,4. Spieltag,Hertha BSC,Borussia Dortmund,0,1,[]
63894,2022-08-27T15:30:00,4. Spieltag,TSG 1899 Hoffenheim,FC Augsburg,1,0,[]
63896,2022-08-27T15:30:00,4. Spieltag,1. FSV Mainz 05,Bayer Leverkusen,0,3,[]
63897,2022-08-27T15:30:00,4. Spieltag,RB Leipzig,VfL Wolfsburg,2,0,[]
63898,2022-08-27T15:30:00,4. Spieltag,FC Schalke 04,1. FC Union Berlin,1,6,[]
63891,2022-08-27T18:30:00,4. Spieltag,FC Bayern München,Borussia Mönchengladbach,1,1,[]
63895,2022-08-28T15:30:00,4. Spieltag,1. FC Köln,VfB Stuttgart,0,0,[]
63899,2022-08-28T17:30:00,4. Spieltag,Werder Bremen,Eintracht Frankfurt,3,4,[]
63904,2022-09-02T20:30:00,5. Spieltag,Borussia Dortmund,TSG 1899 Hoffenheim,1,0,[]
63902,2022-09-03T15:30:00,5. Spieltag,Bayer Leverkusen,SC Freiburg,2,3,[]
63903,2022-09-03T15:30:00,5. Spieltag,VfL Bochum,Werder Bremen,0,2,[]
63907,2022-09-03T15:30:00,5. Spieltag,VfB Stuttgart,FC Schalke 04,1,1,[]
63908,2022-09-03T15:30:00,5. Spieltag,1. FC Union Berlin,FC Bayern München,1,1,[]
63909,2022-09-03T15:30:00,5. Spieltag,VfL Wolfsburg,1. FC Köln,2,4,[]
63906,2022-09-03T18:30:00,5. Spieltag,Eintracht Frankfurt,RB Leipzig,4,0,[]
63900,2022-09-04T15:30:00,5. Spieltag,FC Augsburg,Hertha BSC,0,2,[]
63905,2022-09-04T17:30:00,5. Spieltag,Borussia Mönchengladbach,1. FSV Mainz 05,0,1,[]
63918,2022-09-09T20:30:00,6. Spieltag,Werder Bremen,FC Augsburg,0,1,[]
63910,2022-09-10T15:30:00,6. Spieltag,FC Bayern München,VfB Stuttgart,2,2,[]
63911,2022-09-10T15:30:00,6. Spieltag,Eintracht Frankfurt,VfL Wolfsburg,0,1,[]
63913,2022-09-10T15:30:00,6. Spieltag,Hertha BSC,Bayer Leverkusen,2,2,[]
63914,2022-09-10T15:30:00,6. Spieltag,TSG 1899 Hoffenheim,1. FSV Mainz 05,4,1,[]
63916,2022-09-10T15:30:00,6. Spieltag,RB Leipzig,Borussia Dortmund,3,0,[]
63917,2022-09-10T18:30:00,6. Spieltag,FC Schalke 04,VfL Bochum,3,1,[]
63915,2022-09-11T15:30:00,6. Spieltag,1. FC Köln,1. FC Union Berlin,0,1,[]
63912,2022-09-11T17:30:00,6. Spieltag,SC Freiburg,Borussia Mönchengladbach,0,0,[]
63925,2022-09-16T20:30:00,7. Spieltag,1. FSV Mainz 05,Hertha BSC,1,1,[]
63919,2022-09-17T15:30:00,7. Spieltag,FC Augsburg,FC Bayern München,1,0,[]
63920,2022-09-17T15:30:00,7. Spieltag,Bayer Leverkusen,Werder Bremen,1,1,[]
63922,2022-09-17T15:30:00,7. Spieltag,Borussia Dortmund,FC Schalke 04,1,0,[]
63926,2022-09-17T15:30:00,7. Spieltag,VfB Stuttgart,Eintracht Frankfurt,1,3,[]
63923,2022-09-17T18:30:00,7. Spieltag,Borussia Mönchengladbach,RB Leipzig,3,0,[]
63927,2022-09-18T15:30:00,7. Spieltag,1. FC Union Berlin,VfL Wolfsburg,2,0,[]
63921,2022-09-18T17:30:00,7. Spieltag,VfL Bochum,1. FC Köln,1,1,[]
63924,2022-09-18T19:30:00,7. Spieltag,TSG 1899 Hoffenheim,SC Freiburg,0,0,[]
63928,2022-09-30T20:30:00,8. Spieltag,FC Bayern München,Bayer Leverkusen,4,0,[]
63929,2022-10-01T15:30:00,8. Spieltag,Eintracht Frankfurt,1. FC Union Berlin,2,0,[]
63930,2022-10-01T15:30:00,8. Spieltag,SC Freiburg,1. FSV Mainz 05,2,1,[]
63932,2022-10-01T15:30:00,8. Spieltag,1. FC Köln,Borussia Dortmund,3,2,[]
63933,2022-10-01T15:30:00,8. Spieltag,RB Leipzig,VfL Bochum,4,0,[]
63936,2022-10-01T15:30:00,8. Spieltag,VfL Wolfsburg,VfB Stuttgart,3,2,[]
63935,2022-10-01T18:30:00,8. Spieltag,Werder Bremen,Borussia Mönchengladbach,5,1,[]
63931,2022-10-02T15:30:00,8. Spieltag,Hertha BSC,TSG 1899 Hoffenheim,1,1,[]
63934,2022-10-02T17:30:00,8. Spieltag,FC Schalke 04,FC Augsburg,2,3,[]
63943,2022-10-07T20:30:00,9. Spieltag,TSG 1899 Hoffenheim,Werder Bremen,1,2,[]
63937,2022-10-08T15:30:00,9. Spieltag,FC Augsburg,VfL Wolfsburg,1,1,[]
63938,2022-10-08T15:30:00,9. Spieltag,Bayer Leverkusen,FC Schalke 04,4,0,[]
63939,2022-10-08T15:30:00,9. Spieltag,VfL Bochum,Eintracht Frankfurt,3,0,[]
63944,2022-10-08T15:30:00,9. Spieltag,1. FSV Mainz 05,RB Leipzig,1,1,[]
63940,2022-10-08T18:30:00,9. Spieltag,Borussia Dortmund,FC Bayern München,2,2,[]
63941,2022-10-09T15:30:00,9. Spieltag,Borussia Mönchengladbach,1. FC Köln,5,2,[]
63942,2022-10-09T17:30:00,9. Spieltag,Hertha BSC,SC Freiburg,2,2,[]
63945,2022-10-09T19:30:00,9. Spieltag,VfB Stuttgart,1. FC Union Berlin,0,1,[]
63950,2022-10-14T20:30:00,10. Spieltag,FC Schalke 04,TSG 1899 Hoffenheim,0,3,[]
63947,2022-10-15T15:30:00,10. Spieltag,Eintracht Frankfurt,Bayer Leverkusen,5,1,[]
63951,2022-10-15T15:30:00,10. Spieltag,VfB Stuttgart,VfL Bochum,4,1,[]
63953,2022-10-15T15:30:00,10. Spieltag,Werder Bremen,1. FSV Mainz 05,0,2,[]
63954,2022-10-15T15:30:00,10. Spieltag,VfL Wolfsburg,Borussia Mönchengladbach,2,2,[]
63949,2022-10-15T18:30:00,10. Spieltag,RB Leipzig,Hertha BSC,3,2,[]
63948,2022-10-16T15:30:00,10. Spieltag,1. FC Köln,FC Augsburg,3,2,[]
63952,2022-10-16T17:30:00,10. Spieltag,1. FC Union Berlin,Borussia Dortmund,2,0,[]
63946,2022-10-16T19:30:00,10. Spieltag,FC Bayern München,SC Freiburg,5,0,[]
63963,2022-10-21T20:30:00,11. Spieltag,1. FSV Mainz 05,1. FC Köln,5,0,[]
63955,2022-10-22T15:30:00,11. Spieltag,FC Augsburg,RB Leipzig,3,3,[]
63956,2022-10-22T15:30:00,11. Spieltag,Bayer Leverkusen,VfL Wolfsburg,2,2,[]
63958,2022-10-22T15:30:00,11. Spieltag,Borussia Dortmund,VfB Stuttgart,5,0,[]
63960,2022-10-22T15:30:00,11. Spieltag,SC Freiburg,Werder Bremen,2,0,[]
63962,2022-10-22T15:30:00,11. Spieltag,TSG 1899 Hoffenheim,FC Bayern München,0,2,[]
63959,2022-10-22T18:30:00,11. Spieltag,Borussia Mönchengladbach,Eintracht Frankfurt,1,3,[]
63957,2022-10-23T15:30:00,11. Spieltag,VfL Bochum,1. FC Union Berlin,2,1,[]
63961,2022-10-23T17:30:00,11. Spieltag,Hertha BSC,FC Schalke 04,2,1,[]
63971,2022-10-28T20:30:00,12. Spieltag,Werder Bremen,Hertha BSC,1,0,[]
63964,2022-10-29T15:30:00,12. Spieltag,FC Bayern München,1. FSV Mainz 05,6,2,[]
63967,2022-10-29T15:30:00,12. Spieltag,RB Leipzig,Bayer Leverkusen,2,0,[]
63969,2022-10-29T15:30:00,12. Spieltag,VfB Stuttgart,FC Augsburg,2,1,[]
63972,2022-10-29T15:30:00,12. Spieltag,VfL Wolfsburg,VfL Bochum,4,0,[]
63965,2022-10-29T18:30:00,12. Spieltag,Eintracht Frankfurt,Borussia Dortmund,1,2,[]
63970,2022-10-30T15:30:00,12. Spieltag,1. FC Union Berlin,Borussia Mönchengladbach,2,1,[]
63968,2022-10-30T17:30:00,12. Spieltag,FC Schalke 04,SC Freiburg,0,2,[]
63966,2022-10-30T19:30:00,12. Spieltag,1. FC Köln,TSG 1899 Hoffenheim,1,1,[]
63976,2022-11-04T20:30:00,13. Spieltag,Borussia Mönchengladbach,VfB Stuttgart,3,1,[]
63973,2022-11-05T15:30:00,13. Spieltag,FC Augsburg,Eintracht Frankfurt,1,2,[]
63975,2022-11-05T15:30:00,13. Spieltag,Borussia Dortmund,VfL Bochum,3,0,[]
63978,2022-11-05T15:30:00,13. Spieltag,Hertha BSC,FC Bayern München,2,3,[]
63979,2022-11-05T15:30:00,13. Spieltag,TSG 1899 Hoffenheim,RB Leipzig,1,3,[]
63980,2022-11-05T15:30:00,13. Spieltag,1. FSV Mainz 05,VfL Wolfsburg,0,3,[]
63981,2022-11-05T18:30:00,13. Spieltag,Werder Bremen,FC Schalke 04,2,1,[]
63974,2022-11-06T15:30:00,13. Spieltag,Bayer Leverkusen,1. FC Union Berlin,5,0,[]
63977,2022-11-06T17:30:00,13. Spieltag,SC Freiburg,1. FC Köln,2,0,[]
63990,2022-11-08T18:30:00,14. Spieltag,VfL Wolfsburg,Borussia Dortmund,2,0,[]
63982,2022-11-08T20:30:00,14. Spieltag,FC Bayern München,Werder Bremen,6,1,[]
63983,2022-11-08T20:30:00,14. Spieltag,VfL Bochum,Borussia Mönchengladbach,2,1,[]
63988,2022-11-08T20:30:00,14. Spieltag,VfB Stuttgart,Hertha BSC,2,1,[]
63985,2022-11-09T18:30:00,14. Spieltag,1. FC Köln,Bayer Leverkusen,1,2,[]
63984,2022-11-09T20:30:00,14. Spieltag,Eintracht Frankfurt,TSG 1899 Hoffenheim,4,2,[]
63986,2022-11-09T20:30:00,14. Spieltag,RB Leipzig,SC Freiburg,3,1,[]
63987,2022-11-09T20:30:00,14. Spieltag,FC Schalke 04,1. FSV Mainz 05,1,0,[]
63989,2022-11-09T20:30:00,14. Spieltag,1. FC Union Berlin,FC Augsburg,2,2,[]
63993,2022-11-11T20:30:00,15. Spieltag,Borussia Mönchengladbach,Borussia Dortmund,4,2,[]
63991,2022-11-12T15:30:00,15. Spieltag,FC Augsburg,VfL Bochum,0,1,[]
63992,2022-11-12T15:30:00,15. Spieltag,Bayer Leverkusen,VfB Stuttgart,2,0,[]
63995,2022-11-12T15:30:00,15. Spieltag,Hertha BSC,1. FC Köln,2,0,[]
63996,2022-11-12T15:30:00,15. Spieltag,TSG 1899 Hoffenheim,VfL Wolfsburg,1,2,[]
63999,2022-11-12T15:30:00,15. Spieltag,Werder Bremen,RB Leipzig,1,2,[]
63998,2022-11-12T18:30:00,15. Spieltag,FC Schalke 04,FC Bayern München,0,2,[]
63997,2022-11-13T15:30:00,15. Spieltag,1. FSV Mainz 05,Eintracht Frankfurt,1,1,[]
63994,2022-11-13T17:30:00,15. Spieltag,SC Freiburg,1. FC Union Berlin,4,1,[]
64005,2023-01-20T20:30:00,16. Spieltag,RB Leipzig,FC Bayern München,1,1,[]
64000,2023-01-21T15:30:00,16. Spieltag,VfL Bochum,Hertha BSC,3,1,[]
64003,2023-01-21T15:30:00,16. Spieltag,Eintracht Frankfurt,FC Schalke 04,3,0,[]
64006,2023-01-21T15:30:00,16. Spieltag,VfB Stuttgart,1. FSV Mainz 05,1,1,[]
64007,2023-01-21T15:30:00,16. Spieltag,1. FC Union Berlin,TSG 1899 Hoffenheim,3,1,[]
64008,2023-01-21T15:30:00,16. Spieltag,VfL Wolfsburg,SC Freiburg,6,0,[]
64004,2023-01-21T18:30:00,16. Spieltag,1. FC Köln,Werder Bremen,7,1,[]
64001,2023-01-22T15:30:00,16. Spieltag,Borussia Dortmund,FC Augsburg,4,3,[]
64002,2023-01-22T17:30:00,16. Spieltag,Borussia Mönchengladbach,Bayer Leverkusen,2,3,[]
64016,2023-01-24T18:30:00,17. Spieltag,FC Schalke 04,RB Leipzig,1,6,[]
64011,2023-01-24T20:30:00,17. Spieltag,FC Bayern München,1. FC Köln,1,1,[]
64013,2023-01-24T20:30:00,17. Spieltag,Hertha BSC,VfL Wolfsburg,0,5,[]
64014,2023-01-24T20:30:00,17. Spieltag,TSG 1899 Hoffenheim,VfB Stuttgart,2,2,[]
64015,2023-01-25T18:30:00,17. Spieltag,1. FSV Mainz 05,Borussia Dortmund,1,2,[]
64009,2023-01-25T20:30:00,17. Spieltag,FC Augsburg,Borussia Mönchengladbach,1,0,[]
64010,2023-01-25T20:30:00,17. Spieltag,Bayer Leverkusen,VfL Bochum,2,0,[]
64012,2023-01-25T20:30:00,17. Spieltag,SC Freiburg,Eintracht Frankfurt,1,1,[]
64017,2023-01-25T20:30:00,17. Spieltag,Werder Bremen,1. FC Union Berlin,1,2,[]
64024,2023-01-27T20:30:00,18. Spieltag,RB Leipzig,VfB Stuttgart,2,1,[]
64020,2023-01-28T15:30:00,18. Spieltag,SC Freiburg,FC Augsburg,3,1,[]
64021,2023-01-28T15:30:00,18. Spieltag,Hertha BSC,1. FC Union Berlin,0,2,[]
64022,2023-01-28T15:30:00,18. Spieltag,TSG 1899 Hoffenheim,Borussia Mönchengladbach,1,4,[]
64023,2023-01-28T15:30:00,18. Spieltag,1. FSV Mainz 05,VfL Bochum,5,2,[]
64026,2023-01-28T15:30:00,18. Spieltag,Werder Bremen,VfL Wolfsburg,2,1,[]
64019,2023-01-28T18:30:00,18. Spieltag,FC Bayern München,Eintracht Frankfurt,1,1,[]
64025,2023-01-29T15:30:00,18. Spieltag,FC Schalke 04,1. FC Köln,0,0,[]
64018,2023-01-29T17:30:00,18. Spieltag,Bayer Leverkusen,Borussia Dortmund,0,2,[]
64027,2023-02-03T20:30:00,19. Spieltag,FC Augsburg,Bayer Leverkusen,1,0,[]
64028,2023-02-04T15:30:00,19. Spieltag,VfL Bochum,TSG 1899 Hoffenheim,5,2,[]
64029,2023-02-04T15:30:00,19. Spieltag,Borussia Dortmund,SC Freiburg,5,1,[]
64031,2023-02-04T15:30:00,19. Spieltag,Eintracht Frankfurt,Hertha BSC,3,0,[]
64032,2023-02-04T15:30:00,19. Spieltag,1. FC Köln,RB Leipzig,0,0,[]
64034,2023-02-04T15:30:00,19. Spieltag,1. FC Union Berlin,1. FSV Mainz 05,2,1,[]
64030,2023-02-04T18:30:00,19. Spieltag,Borussia Mönchengladbach,FC Schalke 04,0,0,[]
64033,2023-02-05T15:30:00,19. Spieltag,VfB Stuttgart,Werder Bremen,0,2,[]
64035,2023-02-05T17:30:00,19. Spieltag,VfL Wolfsburg,FC Bayern München,2,4,[]
64043,2023-02-10T20:30:00,20. Spieltag,FC Schalke 04,VfL Wolfsburg,0,0,[]
64036,2023-02-11T15:30:00,20. Spieltag,FC Bayern München,VfL Bochum,3,0,[]
64037,2023-02-11T15:30:00,20. Spieltag,SC Freiburg,VfB Stuttgart,2,1,[]
64039,2023-02-11T15:30:00,20. Spieltag,TSG 1899 Hoffenheim,Bayer Leverkusen,1,3,[]
64041,2023-02-11T15:30:00,20. Spieltag,1. FSV Mainz 05,FC Augsburg,3,1,[]
64044,2023-02-11T15:30:00,20. Spieltag,Werder Bremen,Borussia Dortmund,0,2,[]
64042,2023-02-11T18:30:00,20. Spieltag,RB Leipzig,1. FC Union Berlin,1,2,[]
64038,2023-02-12T15:30:00,20. Spieltag,Hertha BSC,Borussia Mönchengladbach,4,1,[]
64040,2023-02-12T17:30:00,20. Spieltag,1. FC Köln,Eintracht Frankfurt,3,0,[]
64045,2023-02-17T20:30:00,21. Spieltag,FC Augsburg,TSG 1899 Hoffenheim,1,0,[]
64047,2023-02-18T15:30:00,21. Spieltag,VfL Bochum,SC Freiburg,0,2,[]
64049,2023-02-18T15:30:00,21. Spieltag,Borussia Mönchengladbach,FC Bayern München,3,2,[]
64051,2023-02-18T15:30:00,21. Spieltag,VfB Stuttgart,1. FC Köln,3,0,[]
64053,2023-02-18T15:30:00,21. Spieltag,VfL Wolfsburg,RB Leipzig,0,3,[]
64050,2023-02-18T18:30:00,21. Spieltag,Eintracht Frankfurt,Werder Bremen,2,0,[]
64052,2023-02-19T15:30:00,21. Spieltag,1. FC Union Berlin,FC Schalke 04,0,0,[]
64048,2023-02-19T17:30:00,21. Spieltag,Borussia Dortmund,Hertha BSC,4,1,[]
64046,2023-02-19T19:30:00,21. Spieltag,Bayer Leverkusen,1. FSV Mainz 05,2,3,[]
64059,2023-02-24T20:30:00,22. Spieltag,1. FSV Mainz 05,Borussia Mönchengladbach,4,0,[]
64056,2023-02-25T15:30:00,22. Spieltag,Hertha BSC,FC Augsburg,2,0,[]
64057,2023-02-25T15:30:00,22. Spieltag,TSG 1899 Hoffenheim,Borussia Dortmund,0,1,[]
64058,2023-02-25T15:30:00,22. Spieltag,1. FC Köln,VfL Wolfsburg,0,2,[]
64060,2023-02-25T15:30:00,22. Spieltag,RB Leipzig,Eintracht Frankfurt,2,1,[]
64062,2023-02-25T15:30:00,22. Spieltag,Werder Bremen,VfL Bochum,3,0,[]
64061,2023-02-25T18:30:00,22. Spieltag,FC Schalke 04,VfB Stuttgart,2,1,[]
64055,2023-02-26T15:30:00,22. Spieltag,SC Freiburg,Bayer Leverkusen,1,1,[]
64054,2023-02-26T17:30:00,22. Spieltag,FC Bayern München,1. FC Union Berlin,3,0,[]
64066,2023-03-03T20:30:00,23. Spieltag,Borussia Dortmund,RB Leipzig,2,1,[]
64063,2023-03-04T15:30:00,23. Spieltag,FC Augsburg,Werder Bremen,2,1,[]
64065,2023-03-04T15:30:00,23. Spieltag,VfL Bochum,FC Schalke 04,0,2,[]
64067,2023-03-04T15:30:00,23. Spieltag,Borussia Mönchengladbach,SC Freiburg,0,0,[]
64068,2023-03-04T15:30:00,23. Spieltag,1. FSV Mainz 05,TSG 1899 Hoffenheim,1,0,[]
64070,2023-03-04T15:30:00,23. Spieltag,1. FC Union Berlin,1. FC Köln,0,0,[]
64069,2023-03-04T18:30:00,23. Spieltag,VfB Stuttgart,FC Bayern München,1,2,[]
64064,2023-03-05T15:30:00,23. Spieltag,Bayer Leverkusen,Hertha BSC,4,1,[]
64071,2023-03-05T17:30:00,23. Spieltag,VfL Wolfsburg,Eintracht Frankfurt,2,2,[]
64076,2023-03-10T20:30:00,24. Spieltag,1. FC Köln,VfL Bochum,0,2,[]
64072,2023-03-11T15:30:00,24. Spieltag,FC Bayern München,FC Augsburg,5,3,[]
64073,2023-03-11T15:30:00,24. Spieltag,Eintracht Frankfurt,VfB Stuttgart,1,1,[]
64075,2023-03-11T15:30:00,24. Spieltag,Hertha BSC,1. FSV Mainz 05,1,1,[]
64077,2023-03-11T15:30:00,24. Spieltag,RB Leipzig,Borussia Mönchengladbach,3,0,[]
64078,2023-03-11T18:30:00,24. Spieltag,FC Schalke 04,Borussia Dortmund,2,2,[]
64074,2023-03-12T15:30:00,24. Spieltag,SC Freiburg,TSG 1899 Hoffenheim,2,1,[]
64079,2023-03-12T17:30:00,24. Spieltag,Werder Bremen,Bayer Leverkusen,2,3,[]
64080,2023-03-12T19:30:00,24. Spieltag,VfL Wolfsburg,1. FC Union Berlin,1,1,[]
64085,2023-03-17T20:30:00,25. Spieltag,Borussia Mönchengladbach,Werder Bremen,2,2,[]
64081,2023-03-18T15:30:00,25. Spieltag,FC Augsburg,FC Schalke 04,1,1,[]
64083,2023-03-18T15:30:00,25. Spieltag,VfL Bochum,RB Leipzig,1,0,[]
64086,2023-03-18T15:30:00,25. Spieltag,TSG 1899 Hoffenheim,Hertha BSC,3,1,[]
64088,2023-03-18T15:30:00,25. Spieltag,VfB Stuttgart,VfL Wolfsburg,0,1,[]
64084,2023-03-18T18:30:00,25. Spieltag,Borussia Dortmund,1. FC Köln,6,1,[]
64089,2023-03-19T15:30:00,25. Spieltag,1. FC Union Berlin,Eintracht Frankfurt,2,0,[]
64082,2023-03-19T17:30:00,25. Spieltag,Bayer Leverkusen,FC Bayern München,2,1,[]
64087,2023-03-19T19:30:00,25. Spieltag,1. FSV Mainz 05,SC Freiburg,1,1,[]
64091,2023-03-31T20:30:00,26. Spieltag,Eintracht Frankfurt,VfL Bochum,1,1,[]
64092,2023-04-01T15:30:00,26. Spieltag,SC Freiburg,Hertha BSC,1,1,[]
64094,2023-04-01T15:30:00,26. Spieltag,RB Leipzig,1. FSV Mainz 05,0,3,[]
64095,2023-04-01T15:30:00,26. Spieltag,FC Schalke 04,Bayer Leverkusen,0,3,[]
64096,2023-04-01T15:30:00,26. Spieltag,1. FC Union Berlin,VfB Stuttgart,3,0,[]
64098,2023-04-01T15:30:00,26. Spieltag,VfL Wolfsburg,FC Augsburg,2,2,[]
64090,2023-04-01T18:30:00,26. Spieltag,FC Bayern München,Borussia Dortmund,4,2,[]
64093,2023-04-02T15:30:00,26. Spieltag,1. FC Köln,Borussia Mönchengladbach,0,0,[]
64097,2023-04-02T17:30:00,26. Spieltag,Werder Bremen,TSG 1899 Hoffenheim,1,2,[]
64099,2023-04-08T15:30:00,27. Spieltag,FC Augsburg,1. FC Köln,1,3,[]
64100,2023-04-08T15:30:00,27. Spieltag,Bayer Leverkusen,Eintracht Frankfurt,3,1,[]
64102,2023-04-08T15:30:00,27. Spieltag,Borussia Dortmund,1. FC Union Berlin,2,1,[]
64104,2023-04-08T15:30:00,27. Spieltag,SC Freiburg,FC Bayern München,0,1,[]
64107,2023-04-08T15:30:00,27. Spieltag,1. FSV Mainz 05,Werder Bremen,2,2,[]
64105,2023-04-08T18:30:00,27. Spieltag,Hertha BSC,RB Leipzig,0,1,[]
64103,2023-04-09T15:30:00,27. Spieltag,Borussia Mönchengladbach,VfL Wolfsburg,2,0,[]
64101,2023-04-09T17:30:00,27. Spieltag,VfL Bochum,VfB Stuttgart,2,3,[]
64106,2023-04-09T19:30:00,27. Spieltag,TSG 1899 Hoffenheim,FC Schalke 04,2,0,[]
64112,2023-04-14T20:30:00,28. Spieltag,FC Schalke 04,Hertha BSC,5,2,[]
64108,2023-04-15T15:30:00,28. Spieltag,FC Bayern München,TSG 1899 Hoffenheim,1,1,[]
64110,2023-04-15T15:30:00,28. Spieltag,1. FC Köln,1. FSV Mainz 05,1,1,[]
64111,2023-04-15T15:30:00,28. Spieltag,RB Leipzig,FC Augsburg,3,2,[]
64113,2023-04-15T15:30:00,28. Spieltag,VfB Stuttgart,Borussia Dortmund,3,3,[]
64109,2023-04-15T18:30:00,28. Spieltag,Eintracht Frankfurt,Borussia Mönchengladbach,1,1,[]
64115,2023-04-16T15:30:00,28. Spieltag,Werder Bremen,SC Freiburg,1,2,[]
64114,2023-04-16T17:30:00,28. Spieltag,1. FC Union Berlin,VfL Bochum,1,1,[]
64116,2023-04-16T19:30:00,28. Spieltag,VfL Wolfsburg,Bayer Leverkusen,0,0,[]
64117,2023-04-21T20:30:00,29. Spieltag,FC Augsburg,VfB Stuttgart,1,1,[]
64119,2023-04-22T15:30:00,29. Spieltag,VfL Bochum,VfL Wolfsburg,1,5,[]
64123,2023-04-22T15:30:00,29. Spieltag,Hertha BSC,Werder Bremen,2,4,[]
64124,2023-04-22T15:30:00,29. Spieltag,TSG 1899 Hoffenheim,1. FC Köln,1,3,[]
64125,2023-04-22T15:30:00,29. Spieltag,1. FSV Mainz 05,FC Bayern München,3,1,[]
64120,2023-04-22T18:30:00,29. Spieltag,Borussia Dortmund,Eintracht Frankfurt,4,0,[]
64122,2023-04-23T15:30:00,29. Spieltag,SC Freiburg,FC Schalke 04,4,0,[]
64118,2023-04-23T17:30:00,29. Spieltag,Bayer Leverkusen,RB Leipzig,2,0,[]
64121,2023-04-23T19:30:00,29. Spieltag,Borussia Mönchengladbach,1. FC Union Berlin,0,1,[]
64127,2023-04-28T20:30:00,30. Spieltag,VfL Bochum,Borussia Dortmund,1,1,[]
64128,2023-04-29T15:30:00,30. Spieltag,Eintracht Frankfurt,FC Augsburg,1,1,[]
64129,2023-04-29T15:30:00,30. Spieltag,1. FC Köln,SC Freiburg,0,1,[]
64130,2023-04-29T15:30:00,30. Spieltag,RB Leipzig,TSG 1899 Hoffenheim,1,0,[]
64132,2023-04-29T15:30:00,30. Spieltag,VfB Stuttgart,Borussia Mönchengladbach,2,1,[]
64133,2023-04-29T15:30:00,30. Spieltag,1. FC Union Berlin,Bayer Leverkusen,0,0,[]
64131,2023-04-29T18:30:00,30. Spieltag,FC Schalke 04,Werder Bremen,2,1,[]
64126,2023-04-30T15:30:00,30. Spieltag,FC Bayern München,Hertha BSC,2,0,[]
64134,2023-04-30T17:30:00,30. Spieltag,VfL Wolfsburg,1. FSV Mainz 05,3,0,[]
64136,2023-05-05T20:30:00,31. Spieltag,Bayer Leverkusen,1. FC Köln,1,2,[]
64142,2023-05-05T20:30:00,31. Spieltag,1. FSV Mainz 05,FC Schalke 04,2,3,[]
64135,2023-05-06T15:30:00,31. Spieltag,FC Augsburg,1. FC Union Berlin,1,0,[]
64138,2023-05-06T15:30:00,31. Spieltag,Borussia Mönchengladbach,VfL Bochum,2,0,[]
64139,2023-05-06T15:30:00,31. Spieltag,SC Freiburg,RB Leipzig,0,1,[]
64140,2023-05-06T15:30:00,31. Spieltag,Hertha BSC,VfB Stuttgart,2,1,[]
64141,2023-05-06T15:30:00,31. Spieltag,TSG 1899 Hoffenheim,Eintracht Frankfurt,3,1,[]
64143,2023-05-06T18:30:00,31. Spieltag,Werder Bremen,FC Bayern München,1,2,[]
64137,2023-05-07T17:30:00,31. Spieltag,Borussia Dortmund,VfL Wolfsburg,6,0,[]
64148,2023-05-12T20:30:00,32. Spieltag,1. FC Köln,Hertha BSC,5,2,[]
64144,2023-05-13T15:30:00,32. Spieltag,FC Bayern München,FC Schalke 04,6,0,[]
64145,2023-05-13T15:30:00,32. Spieltag,VfL Bochum,FC Augsburg,3,2,[]
64147,2023-05-13T15:30:00,32. Spieltag,Eintracht Frankfurt,1. FSV Mainz 05,3,0,[]
64151,2023-05-13T15:30:00,32. Spieltag,1. FC Union Berlin,SC Freiburg,4,2,[]
64152,2023-05-13T15:30:00,32. Spieltag,VfL Wolfsburg,TSG 1899 Hoffenheim,2,1,[]
64146,2023-05-13T18:30:00,32. Spieltag,Borussia Dortmund,Borussia Mönchengladbach,5,2,[]
64150,2023-05-14T15:30:00,32. Spieltag,VfB Stuttgart,Bayer Leverkusen,1,1,[]
64149,2023-05-14T17:30:00,32. Spieltag,RB Leipzig,Werder Bremen,2,1,[]
64156,2023-05-19T20:30:00,33. Spieltag,SC Freiburg,VfL Wolfsburg,2,0,[]
64157,2023-05-20T15:30:00,33. Spieltag,Hertha BSC,VfL Bochum,1,1,[]
64158,2023-05-20T15:30:00,33. Spieltag,TSG 1899 Hoffenheim,1. FC Union Berlin,4,2,[]
64160,2023-05-20T15:30:00,33. Spieltag,FC Schalke 04,Eintracht Frankfurt,2,2,[]
64161,2023-05-20T15:30:00,33. Spieltag,Werder Bremen,1. FC Köln,1,1,[]
64155,2023-05-20T18:30:00,33. Spieltag,FC Bayern München,RB Leipzig,1,3,[]
64159,2023-05-21T15:30:00,33. Spieltag,1. FSV Mainz 05,VfB Stuttgart,1,4,[]
64153,2023-05-21T17:30:00,33. Spieltag,FC Augsburg,Borussia Dortmund,0,3,[]
64154,2023-05-21T19:30:00,33. Spieltag,Bayer Leverkusen,Borussia Mönchengladbach,2,2,[]
64162,2023-05-27T15:30:00,34. Spieltag,VfL Bochum,Bayer Leverkusen,3,0,[]
64163,2023-05-27T15:30:00,34. Spieltag,Borussia Dortmund,1. FSV Mainz 05,2,2,[]
64164,2023-05-27T15:30:00,34. Spieltag,Borussia Mönchengladbach,FC Augsburg,2,0,[]
64165,2023-05-27T15:30:00,34. Spieltag,Eintracht Frankfurt,SC Freiburg,2,1,[]
64166,2023-05-27T15:30:00,34. Spieltag,1. FC Köln,FC Bayern München,1,2,[]
64167,2023-05-27T15:30:00,34. Spieltag,RB Leipzig,FC Schalke 04,4,2,[]
64168,2023-05-27T15:30:00,34. Spieltag,VfB Stuttgart,TSG 1899 Hoffenheim,1,1,[]
64169,2023-05-27T15:30:00,34. Spieltag,1. FC Union Berlin,Werder Bremen,1,0,[]
64170,2023-05-27T15:30:00,34. Spieltag,VfL Wolfsburg,Hertha BSC,1,2,[]
66630,2023-08-18T20:30:00,1. Spieltag,Werder Bremen,FC Bayern München,0,1,[]
66633,2023-08-19T15:30:00,1. Spieltag,Bayer Leverkusen,RB Leipzig,2,1,[]
66635,2023-08-19T15:30:00,1. Spieltag,VfL Wolfsburg,1. FC Heidenheim 1846,2,0,[]
66636,2023-08-19T15:30:00,1. Spieltag,TSG 1899 Hoffenheim,SC Freiburg,0,2,[]
66637,2023-08-19T15:30:00,1. Spieltag,FC Augsburg,Borussia Mönchengladbach,3,3,[]
66638,2023-08-19T15:30:00,1. Spieltag,VfB Stuttgart,VfL Bochum,2,0,[]
66631,2023-08-19T18:30:00,1. Spieltag,Borussia Dortmund,1. FC Köln,0,0,[]
66632,2023-08-20T15:30:00,1. Spieltag,1. FC Union Berlin,1. FSV Mainz 05,2,0,[]
66634,2023-08-20T17:30:00,1. Spieltag,Eintracht Frankfurt,SV Darmstadt 98,1,0,[]
66640,2023-08-25T20:30:00,2. Spieltag,RB Leipzig,VfB Stuttgart,0,1,[]
66641,2023-08-26T15:30:00,2. Spieltag,SC Freiburg,Werder Bremen,0,0,[]
66644,2023-08-26T15:30:00,2. Spieltag,1. FC Köln,VfL Wolfsburg,0,0,[]
66645,2023-08-26T15:30:00,2. Spieltag,VfL Bochum,Borussia Dortmund,1,0,[]
66646,2023-08-26T15:30:00,2. Spieltag,1. FC Heidenheim 1846,TSG 1899 Hoffenheim,1,0,[]
66647,2023-08-26T15:30:00,2. Spieltag,SV Darmstadt 98,1. FC Union Berlin,1,3,[]
66643,2023-08-26T18:30:00,2. Spieltag,Borussia Mönchengladbach,Bayer Leverkusen,0,2,[]
66642,2023-08-27T15:30:00,2. Spieltag,1. FSV Mainz 05,Eintracht Frankfurt,1,0,[]
66639,2023-08-27T17:30:00,2. Spieltag,FC Bayern München,FC Augsburg,2,0,[]
66648,2023-09-01T20:30:00,3. Spieltag,Borussia Dortmund,1. FC Heidenheim 1846,2,0,[]
66650,2023-09-02T15:30:00,3. Spieltag,Bayer Leverkusen,SV Darmstadt 98,1,1,[]
66653,2023-09-02T15:30:00,3. Spieltag,TSG 1899 Hoffenheim,VfL Wolfsburg,1,1,[]
66654,2023-09-02T15:30:00,3. Spieltag,Werder Bremen,1. FSV Mainz 05,1,0,[]
66655,2023-09-02T15:30:00,3. Spieltag,FC Augsburg,VfL Bochum,1,1,[]
66656,2023-09-02T15:30:00,3. Spieltag,VfB Stuttgart,SC Freiburg,3,0,[]
66652,2023-09-02T18:30:00,3. Spieltag,Borussia Mönchengladbach,FC Bayern München,1,0,[]
66651,2023-09-03T15:30:00,3. Spieltag,Eintracht Frankfurt,1. FC Köln,0,1,[]
66649,2023-09-03T17:30:00,3. Spieltag,1. FC Union Berlin,RB Leipzig,0,0,[]
66657,2023-09-15T20:30:00,4. Spieltag,FC Bayern München,Bayer Leverkusen,1,1,[]
66658,2023-09-16T15:30:00,4. Spieltag,RB Leipzig,FC Augsburg,3,0,[]
66659,2023-09-16T15:30:00,4. Spieltag,SC Freiburg,Borussia Dortmund,2,1,[]
66660,2023-09-16T15:30:00,4. Spieltag,VfL Wolfsburg,1. FC Union Berlin,2,1,[]
66661,2023-09-16T15:30:00,4. Spieltag,1. FSV Mainz 05,VfB Stuttgart,0,0,[]
66662,2023-09-16T15:30:00,4. Spieltag,1. FC Köln,TSG 1899 Hoffenheim,0,2,[]
66663,2023-09-16T18:30:00,4. Spieltag,VfL Bochum,Eintracht Frankfurt,0,0,[]
66664,2023-09-17T15:30:00,4. Spieltag,1. FC Heidenheim 1846,Werder Bremen,2,0,[]
66665,2023-09-17T17:30:00,4. Spieltag,SV Darmstadt 98,Borussia Mönchengladbach,3,0,[]
66674,2023-09-22T20:30:00,5. Spieltag,VfB Stuttgart,SV Darmstadt 98,2,1,[]
66666,2023-09-23T15:30:00,5. Spieltag,FC Bayern München,VfL Bochum,4,0,[]
66667,2023-09-23T15:30:00,5. Spieltag,Borussia Dortmund,VfL Wolfsburg,0,0,[]
66668,2023-09-23T15:30:00,5. Spieltag,1. FC Union Berlin,TSG 1899 Hoffenheim,0,2,[]
66671,2023-09-23T15:30:00,5. Spieltag,Borussia Mönchengladbach,RB Leipzig,0,0,[]
66673,2023-09-23T15:30:00,5. Spieltag,FC Augsburg,1. FSV Mainz 05,2,1,[]
66672,2023-09-23T18:30:00,5. Spieltag,Werder Bremen,1. FC Köln,1,1,[]
66669,2023-09-24T15:30:00,5. Spieltag,Bayer Leverkusen,1. FC Heidenheim 1846,1,0,[]
66670,2023-09-24T17:30:00,5. Spieltag,Eintracht Frankfurt,SC Freiburg,0,0,[]
66680,2023-09-29T20:30:00,6. Spieltag,TSG 1899 Hoffenheim,Borussia Dortmund,1,2,[]
66677,2023-09-30T15:30:00,6. Spieltag,VfL Wolfsburg,Eintracht Frankfurt,1,0,[]
66678,2023-09-30T15:30:00,6. Spieltag,1. FSV Mainz 05,Bayer Leverkusen,0,1,[]
66679,2023-09-30T15:30:00,6. Spieltag,1. FC Köln,VfB Stuttgart,0,0,[]
66681,2023-09-30T15:30:00,6. Spieltag,VfL Bochum,Borussia Mönchengladbach,0,3,[]
66682,2023-09-30T15:30:00,6. Spieltag,1. FC Heidenheim 1846,1. FC Union Berlin,0,0,[]
66675,2023-09-30T18:30:00,6. Spieltag,RB Leipzig,FC Bayern München,2,0,[]
66683,2023-10-01T15:30:00,6. Spieltag,SV Darmstadt 98,Werder Bremen,2,0,[]
66676,2023-10-01T17:30:00,6. Spieltag,SC Freiburg,FC Augsburg,1,0,[]
66689,2023-10-06T20:30:00,7. Spieltag,Borussia Mönchengladbach,1. FSV Mainz 05,1,1,[]
66685,2023-10-07T15:30:00,7. Spieltag,Borussia Dortmund,1. FC Union Berlin,1,2,[]
66686,2023-10-07T15:30:00,7. Spieltag,RB Leipzig,VfL Bochum,0,0,[]
66691,2023-10-07T15:30:00,7. Spieltag,FC Augsburg,SV Darmstadt 98,0,0,[]
66692,2023-10-07T15:30:00,7. Spieltag,VfB Stuttgart,VfL Wolfsburg,0,1,[]
66690,2023-10-07T18:30:00,7. Spieltag,Werder Bremen,TSG 1899 Hoffenheim,1,2,[]
66687,2023-10-08T15:30:00,7. Spieltag,Bayer Leverkusen,1. FC Köln,2,0,[]
66684,2023-10-08T17:30:00,7. Spieltag,FC Bayern München,SC Freiburg,2,0,[]
66688,2023-10-08T19:30:00,7. Spieltag,Eintracht Frankfurt,1. FC Heidenheim 1846,1,0,[]
66693,2023-10-20T20:30:00,8. Spieltag,Borussia Dortmund,Werder Bremen,0,0,[]
66694,2023-10-21T15:30:00,8. Spieltag,1. FC Union Berlin,VfB Stuttgart,0,1,[]
66695,2023-10-21T15:30:00,8. Spieltag,SC Freiburg,VfL Bochum,2,1,[]
66696,2023-10-21T15:30:00,8. Spieltag,VfL Wolfsburg,Bayer Leverkusen,1,1,[]
66699,2023-10-21T15:30:00,8. Spieltag,TSG 1899 Hoffenheim,Eintracht Frankfurt,1,3,[]
66701,2023-10-21T15:30:00,8. Spieltag,SV Darmstadt 98,RB Leipzig,1,2,[]
66697,2023-10-21T18:30:00,8. Spieltag,1. FSV Mainz 05,FC Bayern München,1,2,[]
66698,2023-10-22T15:30:00,8. Spieltag,1. FC Köln,Borussia Mönchengladbach,1,0,[]
66700,2023-10-22T17:30:00,8. Spieltag,1. FC Heidenheim 1846,FC Augsburg,2,3,[]
66708,2023-10-27T20:30:00,9. Spieltag,VfL Bochum,1. FSV Mainz 05,1,0,[]
66702,2023-10-28T15:30:00,9. Spieltag,FC Bayern München,SV Darmstadt 98,1,0,[]
66706,2023-10-28T15:30:00,9. Spieltag,Borussia Mönchengladbach,1. FC Heidenheim 1846,1,1,[]
66707,2023-10-28T15:30:00,9. Spieltag,Werder Bremen,1. FC Union Berlin,1,0,[]
66709,2023-10-28T15:30:00,9. Spieltag,FC Augsburg,VfL Wolfsburg,1,2,[]
66710,2023-10-28T15:30:00,9. Spieltag,VfB Stuttgart,TSG 1899 Hoffenheim,0,2,[]
66703,2023-10-28T18:30:00,9. Spieltag,RB Leipzig,1. FC Köln,4,0,[]
66705,2023-10-29T15:30:00,9. Spieltag,Eintracht Frankfurt,Borussia Dortmund,2,1,[]
66704,2023-10-29T17:30:00,9. Spieltag,Bayer Leverkusen,SC Freiburg,1,0,[]
66719,2023-11-03T20:30:00,10. Spieltag,SV Darmstadt 98,VfL Bochum,1,1,[]
66712,2023-11-04T15:30:00,10. Spieltag,1. FC Union Berlin,Eintracht Frankfurt,0,2,[]
66713,2023-11-04T15:30:00,10. Spieltag,SC Freiburg,Borussia Mönchengladbach,1,3,[]
66715,2023-11-04T15:30:00,10. Spieltag,1. FSV Mainz 05,RB Leipzig,0,0,[]
66716,2023-11-04T15:30:00,10. Spieltag,1. FC Köln,FC Augsburg,1,1,[]
66717,2023-11-04T15:30:00,10. Spieltag,TSG 1899 Hoffenheim,Bayer Leverkusen,0,2,[]
66711,2023-11-04T18:30:00,10. Spieltag,Borussia Dortmund,FC Bayern München,0,2,[]
66714,2023-11-05T15:30:00,10. Spieltag,VfL Wolfsburg,Werder Bremen,1,1,[]
66718,2023-11-05T17:30:00,10. Spieltag,1. FC Heidenheim 1846,VfB Stuttgart,0,0,[]
66723,2023-11-10T20:30:00,11. Spieltag,Borussia Mönchengladbach,VfL Wolfsburg,2,0,[]
66720,2023-11-11T15:30:00,11. Spieltag,FC Bayern München,1. FC Heidenheim 1846,2,0,[]
66726,2023-11-11T15:30:00,11. Spieltag,FC Augsburg,TSG 1899 Hoffenheim,0,1,[]
66727,2023-11-11T15:30:00,11. Spieltag,VfB Stuttgart,Borussia Dortmund,1,1,[]
66728,2023-11-11T15:30:00,11. Spieltag,SV Darmstadt 98,1. FSV Mainz 05,0,0,[]
66725,2023-11-11T18:30:00,11. Spieltag,VfL Bochum,1. FC Köln,1,0,[]
66722,2023-11-12T15:30:00,11. Spieltag,Bayer Leverkusen,1. FC Union Berlin,1,0,[]
66724,2023-11-12T17:30:00,11. Spieltag,Werder Bremen,Eintracht Frankfurt,1,0,[]
66721,2023-11-12T19:30:00,11. Spieltag,RB Leipzig,SC Freiburg,1,1,[]
66734,2023-11-24T20:30:00,12. Spieltag,1. FC Köln,FC Bayern München,0,1,[]
66729,2023-11-25T15:30:00,12. Spieltag,Borussia Dortmund,Borussia Mönchengladbach,3,2,[]
66730,2023-11-25T15:30:00,12. Spieltag,1. FC Union Berlin,FC Augsburg,0,1,[]
66731,2023-11-25T15:30:00,12. Spieltag,SC Freiburg,SV Darmstadt 98,1,1,[]
66733,2023-11-25T15:30:00,12. Spieltag,VfL Wolfsburg,RB Leipzig,1,0,[]
66736,2023-11-25T15:30:00,12. Spieltag,Werder Bremen,Bayer Leverkusen,0,2,[]
66732,2023-11-25T18:30:00,12. Spieltag,Eintracht Frankfurt,VfB Stuttgart,1,2,[]
66737,2023-11-26T15:30:00,12. Spieltag,1. FC Heidenheim 1846,VfL Bochum,0,0,[]
66735,2023-11-26T17:30:00,12. Spieltag,TSG 1899 Hoffenheim,1. FSV Mainz 05,0,1,[]
66746,2023-12-01T20:30:00,13. Spieltag,SV Darmstadt 98,1. FC Köln,0,0,[]
66739,2023-12-02T15:30:00,13. Spieltag,RB Leipzig,1. FC Heidenheim 1846,2,1,[]
66742,2023-12-02T15:30:00,13. Spieltag,Borussia Mönchengladbach,TSG 1899 Hoffenheim,0,0,[]
66743,2023-12-02T15:30:00,13. Spieltag,VfL Bochum,VfL Wolfsburg,2,1,[]
66745,2023-12-02T18:30:00,13. Spieltag,VfB Stuttgart,Werder Bremen,1,0,[]
66741,2023-12-03T15:30:00,13. Spieltag,1. FSV Mainz 05,SC Freiburg,0,0,[]
66740,2023-12-03T17:30:00,13. Spieltag,Bayer Leverkusen,Borussia Dortmund,0,1,[]
66744,2023-12-03T19:30:00,13. Spieltag,FC Augsburg,Eintracht Frankfurt,1,0,[]
66752,2023-12-08T20:30:00,14. Spieltag,TSG 1899 Hoffenheim,VfL Bochum,2,0,[]
66748,2023-12-09T15:30:00,14. Spieltag,1. FC Union Berlin,Borussia Mönchengladbach,1,0,[]
66749,2023-12-09T15:30:00,14. Spieltag,Eintracht Frankfurt,FC Bayern München,3,1,[]
66750,2023-12-09T15:30:00,14. Spieltag,VfL Wolfsburg,SC Freiburg,0,0,[]
66753,2023-12-09T15:30:00,14. Spieltag,Werder Bremen,FC Augsburg,1,0,[]
66755,2023-12-09T15:30:00,14. Spieltag,1. FC Heidenheim 1846,SV Darmstadt 98,1,0,[]
66747,2023-12-09T18:30:00,14. Spieltag,Borussia Dortmund,RB Leipzig,1,1,[]
66754,2023-12-10T15:30:00,14. Spieltag,VfB Stuttgart,Bayer Leverkusen,1,0,[]
66751,2023-12-10T17:30:00,14. Spieltag,1. FC Köln,1. FSV Mainz 05,0,0,[]
66761,2023-12-15T20:30:00,15. Spieltag,Borussia Mönchengladbach,Werder Bremen,1,1,[]
66760,2023-12-16T15:30:00,15. Spieltag,1. FSV Mainz 05,1. FC Heidenheim 1846,0,1,[]
66762,2023-12-16T15:30:00,15. Spieltag,VfL Bochum,1. FC Union Berlin,1,0,[]
66763,2023-12-16T15:30:00,15. Spieltag,FC Augsburg,Borussia Dortmund,1,1,[]
66764,2023-12-16T15:30:00,15. Spieltag,SV Darmstadt 98,VfL Wolfsburg,0,0,[]
66757,2023-12-16T18:30:00,15. Spieltag,RB Leipzig,TSG 1899 Hoffenheim,1,1,[]
66758,2023-12-17T15:30:00,15. Spieltag,SC Freiburg,1. FC Köln,0,0,[]
66759,2023-12-17T17:30:00,15. Spieltag,Bayer Leverkusen,Eintracht Frankfurt,1,0,[]
66756,2023-12-17T19:30:00,15. Spieltag,FC Bayern München,VfB Stuttgart,1,0,[]
66772,2023-12-19T18:30:00,16. Spieltag,Werder Bremen,RB Leipzig,0,0,[]
66765,2023-12-19T20:30:00,16. Spieltag,Borussia Dortmund,1. FSV Mainz 05,1,1,[]
66771,2023-12-19T20:30:00,16. Spieltag,TSG 1899 Hoffenheim,SV Darmstadt 98,2,1,[]
66766,2023-12-20T18:30:00,16. Spieltag,1. FC Union Berlin,1. FC Köln,0,0,[]
66768,2023-12-20T20:30:00,16. Spieltag,Bayer Leverkusen,VfL Bochum,3,0,[]
66769,2023-12-20T20:30:00,16. Spieltag,Eintracht Frankfurt,Borussia Mönchengladbach,0,1,[]
66770,2023-12-20T20:30:00,16. Spieltag,VfL Wolfsburg,FC Bayern München,1,2,[]
66773,2023-12-20T20:30:00,16. Spieltag,VfB Stuttgart,FC Augsburg,2,0,[]
66774,2023-12-20T20:30:00,16. Spieltag,1. FC Heidenheim 1846,SC Freiburg,0,1,[]
66775,2024-01-12T20:30:00,17. Spieltag,FC Bayern München,TSG 1899 Hoffenheim,1,0,[]
66776,2024-01-13T15:30:00,17. Spieltag,RB Leipzig,Eintracht Frankfurt,0,1,[]
66777,2024-01-13T15:30:00,17. Spieltag,SC Freiburg,1. FC Union Berlin,0,0,[]
66778,2024-01-13T15:30:00,17. Spieltag,1. FSV Mainz 05,VfL Wolfsburg,0,1,[]
66780,2024-01-13T15:30:00,17. Spieltag,1. FC Köln,1. FC Heidenheim 1846,1,0,[]
66782,2024-01-13T15:30:00,17. Spieltag,FC Augsburg,Bayer Leverkusen,0,0,[]
66783,2024-01-13T18:30:00,17. Spieltag,SV Darmstadt 98,Borussia Dortmund,0,1,[]
66781,2024-01-14T15:30:00,17. Spieltag,VfL Bochum,Werder Bremen,0,0,[]
66779,2024-01-14T17:30:00,17. Spieltag,Borussia Mönchengladbach,VfB Stuttgart,2,0,[]
66786,2024-01-20T15:30:00,18. Spieltag,SC Freiburg,TSG 1899 Hoffenheim,1,0,[]
66789,2024-01-20T15:30:00,18. Spieltag,1. FC Köln,Borussia Dortmund,0,1,[]
66790,2024-01-20T15:30:00,18. Spieltag,VfL Bochum,VfB Stuttgart,0,0,[]
66791,2024-01-20T15:30:00,18. Spieltag,1. FC Heidenheim 1846,VfL Wolfsburg,1,1,[]
66792,2024-01-20T15:30:00,18. Spieltag,SV Darmstadt 98,Eintracht Frankfurt,0,1,[]
66785,2024-01-20T18:30:00,18. Spieltag,RB Leipzig,Bayer Leverkusen,1,0,[]
66784,2024-01-21T15:30:00,18. Spieltag,FC Bayern München,Werder Bremen,0,0,[]
66788,2024-01-21T17:30:00,18. Spieltag,Borussia Mönchengladbach,FC Augsburg,1,0,[]
66738,2024-01-24T20:30:00,13. Spieltag,FC Bayern München,1. FC Union Berlin,0,0,[]
66796,2024-01-26T20:30:00,19. Spieltag,Eintracht Frankfurt,1. FSV Mainz 05,0,0,[]
66797,2024-01-27T15:30:00,19. Spieltag,VfL Wolfsburg,1. FC Köln,1,1,[]
66798,2024-01-27T15:30:00,19. Spieltag,TSG 1899 Hoffenheim,1. FC Heidenheim 1846,1,1,[]
66799,2024-01-27T15:30:00,19. Spieltag,Werder Bremen,SC Freiburg,1,1,[]
66800,2024-01-27T15:30:00,19. Spieltag,FC Augsburg,FC Bayern München,0,2,[]
66801,2024-01-27T15:30:00,19. Spieltag,VfB Stuttgart,RB Leipzig,2,1,[]
66795,2024-01-27T18:30:00,19. Spieltag,Bayer Leverkusen,Borussia Mönchengladbach,0,0,[]
66794,2024-01-28T15:30:00,19. Spieltag,1. FC Union Berlin,SV Darmstadt 98,0,0,[]
66793,2024-01-28T17:30:00,19. Spieltag,Borussia Dortmund,VfL Bochum,1,1,[]
66809,2024-02-02T20:30:00,20. Spieltag,1. FC Heidenheim 1846,Borussia Dortmund,0,0,[]
66802,2024-02-03T15:30:00,20. Spieltag,FC Bayern München,Borussia Mönchengladbach,1,1,[]
66804,2024-02-03T15:30:00,20. Spieltag,SC Freiburg,VfB Stuttgart,1,2,[]
66806,2024-02-03T15:30:00,20. Spieltag,1. FSV Mainz 05,Werder Bremen,0,1,[]
66808,2024-02-03T15:30:00,20. Spieltag,VfL Bochum,FC Augsburg,1,0,[]
66810,2024-02-03T15:30:00,20. Spieltag,SV Darmstadt 98,Bayer Leverkusen,0,1,[]
66807,2024-02-03T18:30:00,20. Spieltag,1. FC Köln,Eintracht Frankfurt,0,0,[]
66805,2024-02-04T15:30:00,20. Spieltag,VfL Wolfsburg,TSG 1899 Hoffenheim,0,1,[]
66803,2024-02-04T17:30:00,20. Spieltag,RB Leipzig,1. FC Union Berlin,1,0,[]
66787,2024-02-07T18:30:00,18. Spieltag,1. FSV Mainz 05,1. FC Union Berlin,1,1,[]
66811,2024-02-09T20:30:00,21. Spieltag,Borussia Dortmund,SC Freiburg,2,0,[]
66812,2024-02-10T15:30:00,21. Spieltag,1. FC Union Berlin,VfL Wolfsburg,1,0,[]
66814,2024-02-10T15:30:00,21. Spieltag,Eintracht Frankfurt,VfL Bochum,1,1,[]
66815,2024-02-10T15:30:00,21. Spieltag,Borussia Mönchengladbach,SV Darmstadt 98,0,0,[]
66817,2024-02-10T15:30:00,21. Spieltag,Werder Bremen,1. FC Heidenheim 1846,1,2,[]
66818,2024-02-10T15:30:00,21. Spieltag,FC Augsburg,RB Leipzig,1,1,[]
66813,2024-02-10T18:30:00,21. Spieltag,Bayer Leverkusen,FC Bayern München,1,0,[]
66819,2024-02-11T15:30:00,21. Spieltag,VfB Stuttgart,1. FSV Mainz 05,2,0,[]
66816,2024-02-11T17:30:00,21. Spieltag,TSG 1899 Hoffenheim,1. FC Köln,0,0,[]
66824,2024-02-16T20:30:00,22. Spieltag,1. FC Köln,Werder Bremen,0,0,[]
66822,2024-02-17T15:30:00,22. Spieltag,VfL Wolfsburg,Borussia Dortmund,0,1,[]
66823,2024-02-17T15:30:00,22. Spieltag,1. FSV Mainz 05,FC Augsburg,1,0,[]
66825,2024-02-17T15:30:00,22. Spieltag,TSG 1899 Hoffenheim,1. FC Union Berlin,0,0,[]
66827,2024-02-17T15:30:00,22. Spieltag,1. FC Heidenheim 1846,Bayer Leverkusen,0,1,[]
66828,2024-02-17T15:30:00,22. Spieltag,SV Darmstadt 98,VfB Stuttgart,0,1,[]
66820,2024-02-17T18:30:00,22. Spieltag,RB Leipzig,Borussia Mönchengladbach,1,0,[]
66821,2024-02-18T15:30:00,22. Spieltag,SC Freiburg,Eintracht Frankfurt,2,2,[]
66826,2024-02-18T17:30:00,22. Spieltag,VfL Bochum,FC Bayern München,2,1,[]
66832,2024-02-23T20:30:00,23. Spieltag,Bayer Leverkusen,1. FSV Mainz 05,1,1,[]
66831,2024-02-24T15:30:00,23. Spieltag,1. FC Union Berlin,1. FC Heidenheim 1846,2,1,[]
66834,2024-02-24T15:30:00,23. Spieltag,Borussia Mönchengladbach,VfL Bochum,2,0,[]
66835,2024-02-24T15:30:00,23. Spieltag,Werder Bremen,SV Darmstadt 98,1,1,[]
66837,2024-02-24T15:30:00,23. Spieltag,VfB Stuttgart,1. FC Köln,0,0,[]
66829,2024-02-24T18:30:00,23. Spieltag,FC Bayern München,RB Leipzig,0,0,[]
66833,2024-02-25T15:30:00,23. Spieltag,Eintracht Frankfurt,VfL Wolfsburg,1,2,[]
66830,2024-02-25T17:30:00,23. Spieltag,Borussia Dortmund,TSG 1899 Hoffenheim,2,1,[]
66836,2024-02-25T19:30:00,23. Spieltag,FC Augsburg,SC Freiburg,0,1,[]
66839,2024-03-01T20:30:00,24. Spieltag,SC Freiburg,FC Bayern München,1,1,[]
66838,2024-03-02T15:30:00,24. Spieltag,1. FC Union Berlin,Borussia Dortmund,0,1,[]
66841,2024-03-02T15:30:00,24. Spieltag,1. FSV Mainz 05,Borussia Mönchengladbach,1,0,[]
66844,2024-03-02T15:30:00,24. Spieltag,VfL Bochum,RB Leipzig,1,1,[]
66845,2024-03-02T15:30:00,24. Spieltag,1. FC Heidenheim 1846,Eintracht Frankfurt,0,1,[]
66846,2024-03-02T15:30:00,24. Spieltag,SV Darmstadt 98,FC Augsburg,0,5,[]
66840,2024-03-02T18:30:00,24. Spieltag,VfL Wolfsburg,VfB Stuttgart,0,1,[]
66842,2024-03-03T15:30:00,24. Spieltag,1. FC Köln,Bayer Leverkusen,0,1,[]
66843,2024-03-03T17:30:00,24. Spieltag,TSG 1899 Hoffenheim,Werder Bremen,2,0,[]
66855,2024-03-08T20:30:00,25. Spieltag,VfB Stuttgart,1. FC Union Berlin,1,0,[]
66847,2024-03-09T15:30:00,25. Spieltag,FC Bayern München,1. FSV Mainz 05,3,1,[]
66848,2024-03-09T15:30:00,25. Spieltag,RB Leipzig,SV Darmstadt 98,1,0,[]
66851,2024-03-09T15:30:00,25. Spieltag,Borussia Mönchengladbach,1. FC Köln,1,1,[]
66854,2024-03-09T15:30:00,25. Spieltag,FC Augsburg,1. FC Heidenheim 1846,1,0,[]
66852,2024-03-09T18:30:00,25. Spieltag,Werder Bremen,Borussia Dortmund,0,2,[]
66853,2024-03-10T15:30:00,25. Spieltag,VfL Bochum,SC Freiburg,0,1,[]
66850,2024-03-10T17:30:00,25. Spieltag,Eintracht Frankfurt,TSG 1899 Hoffenheim,1,1,[]
66849,2024-03-10T19:30:00,25. Spieltag,Bayer Leverkusen,VfL Wolfsburg,1,0,[]
66861,2024-03-15T20:30:00,26. Spieltag,1. FC Köln,RB Leipzig,1,1,[]
66857,2024-03-16T15:30:00,26. Spieltag,1. FC Union Berlin,Werder Bremen,0,0,[]
66859,2024-03-16T15:30:00,26. Spieltag,VfL Wolfsburg,FC Augsburg,1,1,[]
66860,2024-03-16T15:30:00,26. Spieltag,1. FSV Mainz 05,VfL Bochum,1,0,[]
66863,2024-03-16T15:30:00,26. Spieltag,1. FC Heidenheim 1846,Borussia Mönchengladbach,0,1,[]
66864,2024-03-16T15:30:00,26. Spieltag,SV Darmstadt 98,FC Bayern München,1,2,[]
66862,2024-03-16T18:30:00,26. Spieltag,TSG 1899 Hoffenheim,VfB Stuttgart,0,2,[]
66858,2024-03-17T15:30:00,26. Spieltag,SC Freiburg,Bayer Leverkusen,1,2,[]
66856,2024-03-17T17:30:00,26. Spieltag,Borussia Dortmund,Eintracht Frankfurt,1,1,[]
66866,2024-03-30T15:30:00,27. Spieltag,RB Leipzig,1. FSV Mainz 05,0,0,[]
66867,2024-03-30T15:30:00,27. Spieltag,Bayer Leverkusen,TSG 1899 Hoffenheim,0,1,[]
66868,2024-03-30T15:30:00,27. Spieltag,Eintracht Frankfurt,1. FC Union Berlin,0,0,[]
66869,2024-03-30T15:30:00,27. Spieltag,Borussia Mönchengladbach,SC Freiburg,0,1,[]
66870,2024-03-30T15:30:00,27. Spieltag,Werder Bremen,VfL Wolfsburg,0,1,[]
66865,2024-03-30T18:30:00,27. Spieltag,FC Bayern München,Borussia Dortmund,0,1,[]
66872,2024-03-31T15:30:00,27. Spieltag,FC Augsburg,1. FC Köln,1,1,[]
66873,2024-03-31T17:30:00,27. Spieltag,VfB Stuttgart,1. FC Heidenheim 1846,1,0,[]
66871,2024-03-31T19:30:00,27. Spieltag,VfL Bochum,SV Darmstadt 98,1,0,[]
66877,2024-04-05T20:30:00,28. Spieltag,Eintracht Frankfurt,Werder Bremen,0,0,[]
66875,2024-04-06T15:30:00,28. Spieltag,1. FC Union Berlin,Bayer Leverkusen,0,1,[]
66876,2024-04-06T15:30:00,28. Spieltag,SC Freiburg,RB Leipzig,0,3,[]
66879,2024-04-06T15:30:00,28. Spieltag,1. FSV Mainz 05,SV Darmstadt 98,1,0,[]
66880,2024-04-06T15:30:00,28. Spieltag,1. FC Köln,VfL Bochum,0,0,[]
66882,2024-04-06T15:30:00,28. Spieltag,1. FC Heidenheim 1846,FC Bayern München,0,2,[]
66874,2024-04-06T18:30:00,28. Spieltag,Borussia Dortmund,VfB Stuttgart,0,0,[]
66881,2024-04-07T15:30:00,28. Spieltag,TSG 1899 Hoffenheim,FC Augsburg,2,0,[]
66878,2024-04-07T17:30:00,28. Spieltag,VfL Wolfsburg,Borussia Mönchengladbach,1,0,[]
66889,2024-04-12T20:30:00,29. Spieltag,FC Augsburg,1. FC Union Berlin,0,0,[]
66883,2024-04-13T15:30:00,29. Spieltag,FC Bayern München,1. FC Köln,0,0,[]
66884,2024-04-13T15:30:00,29. Spieltag,RB Leipzig,VfL Wolfsburg,1,0,[]
66886,2024-04-13T15:30:00,29. Spieltag,1. FSV Mainz 05,TSG 1899 Hoffenheim,0,1,[]
66887,2024-04-13T15:30:00,29. Spieltag,Borussia Mönchengladbach,Borussia Dortmund,1,2,[]
66888,2024-04-13T15:30:00,29. Spieltag,VfL Bochum,1. FC Heidenheim 1846,0,0,[]
66890,2024-04-13T18:30:00,29. Spieltag,VfB Stuttgart,Eintracht Frankfurt,3,0,[]
66891,2024-04-14T15:30:00,29. Spieltag,SV Darmstadt 98,SC Freiburg,0,1,[]
66885,2024-04-14T17:30:00,29. Spieltag,Bayer Leverkusen,Werder Bremen,1,0,[]
66895,2024-04-19T20:30:00,30. Spieltag,Eintracht Frankfurt,FC Augsburg,0,1,[]
66896,2024-04-20T15:30:00,30. Spieltag,VfL Wolfsburg,VfL Bochum,1,0,[]
66897,2024-04-20T15:30:00,30. Spieltag,1. FC Köln,SV Darmstadt 98,0,0,[]
66898,2024-04-20T15:30:00,30. Spieltag,TSG 1899 Hoffenheim,Borussia Mönchengladbach,1,1,[]
66900,2024-04-20T15:30:00,30. Spieltag,1. FC Heidenheim 1846,RB Leipzig,0,1,[]
66893,2024-04-20T18:30:00,30. Spieltag,1. FC Union Berlin,FC Bayern München,0,2,[]
66899,2024-04-21T15:30:00,30. Spieltag,Werder Bremen,VfB Stuttgart,1,0,[]
66892,2024-04-21T17:30:00,30. Spieltag,Borussia Dortmund,Bayer Leverkusen,0,0,[]
66894,2024-04-21T19:30:00,30. Spieltag,SC Freiburg,1. FSV Mainz 05,0,0,[]
66907,2024-04-26T20:30:00,31. Spieltag,VfL Bochum,TSG 1899 Hoffenheim,2,0,[]
66901,2024-04-27T15:30:00,31. Spieltag,FC Bayern München,Eintracht Frankfurt,1,1,[]
66902,2024-04-27T15:30:00,31. Spieltag,RB Leipzig,Borussia Dortmund,2,1,[]
66903,2024-04-27T15:30:00,31. Spieltag,SC Freiburg,VfL Wolfsburg,1,0,[]
66908,2024-04-27T15:30:00,31. Spieltag,FC Augsburg,Werder Bremen,0,0,[]
66904,2024-04-27T18:30:00,31. Spieltag,Bayer Leverkusen,VfB Stuttgart,0,0,[]
66906,2024-04-28T15:30:00,31. Spieltag,Borussia Mönchengladbach,1. FC Union Berlin,0,0,[]
66905,2024-04-28T17:30:00,31. Spieltag,1. FSV Mainz 05,1. FC Köln,1,0,[]
66909,2024-04-28T19:30:00,31. Spieltag,SV Darmstadt 98,1. FC Heidenheim 1846,0,0,[]
66915,2024-05-03T20:30:00,32. Spieltag,TSG 1899 Hoffenheim,RB Leipzig,0,1,[]
66910,2024-05-04T15:30:00,32. Spieltag,Borussia Dortmund,FC Augsburg,4,1,[]
66913,2024-05-04T15:30:00,32. Spieltag,VfL Wolfsburg,SV Darmstadt 98,2,0,[]
66916,2024-05-04T15:30:00,32. Spieltag,Werder Bremen,Borussia Mönchengladbach,1,1,[]
66917,2024-05-04T15:30:00,32. Spieltag,VfB Stuttgart,FC Bayern München,1,1,[]
66914,2024-05-04T18:30:00,32. Spieltag,1. FC Köln,SC Freiburg,0,0,[]
66911,2024-05-05T15:30:00,32. Spieltag,1. FC Union Berlin,VfL Bochum,0,3,[]
66912,2024-05-05T17:30:00,32. Spieltag,Eintracht Frankfurt,Bayer Leverkusen,1,2,[]
66918,2024-05-05T19:30:00,32. Spieltag,1. FC Heidenheim 1846,1. FSV Mainz 05,0,1,[]
66926,2024-05-10T20:30:00,33. Spieltag,FC Augsburg,VfB Stuttgart,0,0,[]
66920,2024-05-11T15:30:00,33. Spieltag,RB Leipzig,Werder Bremen,0,1,[]
66921,2024-05-11T15:30:00,33. Spieltag,SC Freiburg,1. FC Heidenheim 1846,1,1,[]
66923,2024-05-11T15:30:00,33. Spieltag,Borussia Mönchengladbach,Eintracht Frankfurt,1,1,[]
66924,2024-05-11T15:30:00,33. Spieltag,1. FC Köln,1. FC Union Berlin,1,2,[]
66922,2024-05-11T18:30:00,33. Spieltag,1. FSV Mainz 05,Borussia Dortmund,3,0,[]
66927,2024-05-12T15:30:00,33. Spieltag,SV Darmstadt 98,TSG 1899 Hoffenheim,0,5,[]
66919,2024-05-12T17:30:00,33. Spieltag,FC Bayern München,VfL Wolfsburg,2,0,[]
66925,2024-05-12T19:30:00,33. Spieltag,VfL Bochum,Bayer Leverkusen,0,2,[]
66928,2024-05-18T15:30:00,34. Spieltag,Borussia Dortmund,SV Darmstadt 98,2,0,[]
66929,2024-05-18T15:30:00,34. Spieltag,1. FC Union Berlin,SC Freiburg,0,0,[]
66930,2024-05-18T15:30:00,34. Spieltag,Bayer Leverkusen,FC Augsburg,2,0,[]
66931,2024-05-18T15:30:00,34. Spieltag,Eintracht Frankfurt,RB Leipzig,0,1,[]
66932,2024-05-18T15:30:00,34. Spieltag,VfL Wolfsburg,1. FSV Mainz 05,1,1,[]
66933,2024-05-18T15:30:00,34. Spieltag,TSG 1899 Hoffenheim,FC Bayern München,1,2,[]
66934,2024-05-18T15:30:00,34. Spieltag,Werder Bremen,VfL Bochum,1,0,[]
66935,2024-05-18T15:30:00,34. Spieltag,VfB Stuttgart,Borussia Mönchengladbach,2,0,[]
66936,2024-05-18T15:30:00,34. Spieltag,1. FC Heidenheim 1846,1. FC Köln,3,0,[]
